Copyright 1986-2022 Xilinx, Inc. All Rights Reserved. Copyright 2022-2024 Advanced Micro Devices, Inc. All Rights Reserved.
--------------------------------------------------------------------------------------------------------------------------------------------------
| Tool Version      : Vivado v.2024.2 (win64) Build 5239630 Fri Nov 08 22:35:27 MST 2024
| Date              : Sat Aug  8 00:04:36 2026
| Host              : Jung running 64-bit major release  (build 9200)
| Command           : report_timing_summary -max_paths 10 -file pmpu_timing.rpt
| Design            : pmpu_tt
| Device            : xck26-sfvc784
| Speed File        : -2LV  PRODUCTION 1.30 05-15-2022
| Design State      : Synthesized
| Temperature Grade : C
--------------------------------------------------------------------------------------------------------------------------------------------------

Timing Summary Report

------------------------------------------------------------------------------------------------
| Timer Settings
| --------------
------------------------------------------------------------------------------------------------

  Enable Multi Corner Analysis               :  Yes
  Enable Pessimism Removal                   :  Yes
  Pessimism Removal Resolution               :  Nearest Common Node
  Enable Input Delay Default Clock           :  No
  Enable Preset / Clear Arcs                 :  No
  Disable Flight Delays                      :  No
  Ignore I/O Paths                           :  No
  Timing Early Launch at Borrowing Latches   :  No
  Borrow Time for Max Delay Exceptions       :  Yes
  Merge Timing Exceptions                    :  Yes
  Inter-SLR Compensation                     :  Conservative

  Corner  Analyze    Analyze    
  Name    Max Paths  Min Paths  
  ------  ---------  ---------  
  Slow    Yes        Yes        
  Fast    Yes        Yes        


------------------------------------------------------------------------------------------------
| Report Methodology
| ------------------
------------------------------------------------------------------------------------------------

No report available as report_methodology has not been run prior. Run report_methodology on the current design for the summary of methodology violations.



check_timing report

Table of Contents
-----------------
1. checking no_clock (0)
2. checking constant_clock (0)
3. checking pulse_width_clock (0)
4. checking unconstrained_internal_endpoints (0)
5. checking no_input_delay (385)
6. checking no_output_delay (1)
7. checking multiple_clock (0)
8. checking generated_clocks (0)
9. checking loops (0)
10. checking partial_input_delay (0)
11. checking partial_output_delay (0)
12. checking latch_loops (0)

1. checking no_clock (0)
------------------------
 There are 0 register/latch pins with no clock.


2. checking constant_clock (0)
------------------------------
 There are 0 register/latch pins with constant_clock.


3. checking pulse_width_clock (0)
---------------------------------
 There are 0 register/latch pins which need pulse_width check


4. checking unconstrained_internal_endpoints (0)
------------------------------------------------
 There are 0 pins that are not constrained for maximum delay.

 There are 0 pins that are not constrained for maximum delay due to constant clock.


5. checking no_input_delay (385)
--------------------------------
 There are 385 input ports with no input delay specified. (HIGH)

 There are 0 input ports with no input delay but user has a false path constraint.


6. checking no_output_delay (1)
-------------------------------
 There is 1 port with no output delay specified. (HIGH)

 There are 0 ports with no output delay but user has a false path constraint

 There are 0 ports with no output delay but with a timing clock defined on it or propagating through it


7. checking multiple_clock (0)
------------------------------
 There are 0 register/latch pins with multiple clocks.


8. checking generated_clocks (0)
--------------------------------
 There are 0 generated clocks that are not connected to a clock source.


9. checking loops (0)
---------------------
 There are 0 combinational loops in the design.


10. checking partial_input_delay (0)
------------------------------------
 There are 0 input ports with partial input delay specified.


11. checking partial_output_delay (0)
-------------------------------------
 There are 0 ports with partial output delay specified.


12. checking latch_loops (0)
----------------------------
 There are 0 combinational latch loops in the design through latch input



------------------------------------------------------------------------------------------------
| Design Timing Summary
| ---------------------
------------------------------------------------------------------------------------------------

    WNS(ns)      TNS(ns)  TNS Failing Endpoints  TNS Total Endpoints      WHS(ns)      THS(ns)  THS Failing Endpoints  THS Total Endpoints     WPWS(ns)     TPWS(ns)  TPWS Failing Endpoints  TPWS Total Endpoints  
    -------      -------  ---------------------  -------------------      -------      -------  ---------------------  -------------------     --------     --------  ----------------------  --------------------  
      2.224        0.000                      0                43576        0.079        0.000                      0                43576        2.225        0.000                       0                  2093  


All user specified timing constraints are met.


------------------------------------------------------------------------------------------------
| Clock Summary
| -------------
------------------------------------------------------------------------------------------------

Clock  Waveform(ns)         Period(ns)      Frequency(MHz)
-----  ------------         ----------      --------------
clk    {0.000 2.500}        5.000           200.000         


------------------------------------------------------------------------------------------------
| Intra Clock Table
| -----------------
------------------------------------------------------------------------------------------------

Clock             WNS(ns)      TNS(ns)  TNS Failing Endpoints  TNS Total Endpoints      WHS(ns)      THS(ns)  THS Failing Endpoints  THS Total Endpoints     WPWS(ns)     TPWS(ns)  TPWS Failing Endpoints  TPWS Total Endpoints  
-----             -------      -------  ---------------------  -------------------      -------      -------  ---------------------  -------------------     --------     --------  ----------------------  --------------------  
clk                 2.224        0.000                      0                43576        0.079        0.000                      0                43576        2.225        0.000                       0                  2093  


------------------------------------------------------------------------------------------------
| Inter Clock Table
| -----------------
------------------------------------------------------------------------------------------------

From Clock    To Clock          WNS(ns)      TNS(ns)  TNS Failing Endpoints  TNS Total Endpoints      WHS(ns)      THS(ns)  THS Failing Endpoints  THS Total Endpoints  
----------    --------          -------      -------  ---------------------  -------------------      -------      -------  ---------------------  -------------------  


------------------------------------------------------------------------------------------------
| Other Path Groups Table
| -----------------------
------------------------------------------------------------------------------------------------

Path Group    From Clock    To Clock          WNS(ns)      TNS(ns)  TNS Failing Endpoints  TNS Total Endpoints      WHS(ns)      THS(ns)  THS Failing Endpoints  THS Total Endpoints  
----------    ----------    --------          -------      -------  ---------------------  -------------------      -------      -------  ---------------------  -------------------  


------------------------------------------------------------------------------------------------
| Timing Details
| --------------
------------------------------------------------------------------------------------------------


---------------------------------------------------------------------------------------------------
From Clock:  clk
  To Clock:  clk

Setup :            0  Failing Endpoints,  Worst Slack        2.224ns,  Total Violation        0.000ns
Hold  :            0  Failing Endpoints,  Worst Slack        0.079ns,  Total Violation        0.000ns
PW    :            0  Failing Endpoints,  Worst Slack        2.225ns,  Total Violation        0.000ns
---------------------------------------------------------------------------------------------------


Max Delay Paths
--------------------------------------------------------------------------------------
Slack (MET) :             2.224ns  (required time - arrival time)
  Source:                 dut/u_arr/g_row[0].g_col[0].u_pe/u_dsp/DSP_A_B_DATA_INST/CLK
                            (rising edge-triggered cell DSP_A_B_DATA clocked by clk  {rise@0.000ns fall@2.500ns period=5.000ns})
  Destination:            dut/u_arr/g_row[0].g_col[0].u_pe/u_dsp/DSP_OUTPUT_INST/ALU_OUT[10]
                            (rising edge-triggered cell DSP_OUTPUT clocked by clk  {rise@0.000ns fall@2.500ns period=5.000ns})
  Path Group:             clk
  Path Type:              Setup (Max at Slow Process Corner)
  Requirement:            5.000ns  (clk rise@5.000ns - clk rise@0.000ns)
  Data Path Delay:        2.733ns  (logic 2.733ns (100.000%)  route 0.000ns (0.000%))
  Logic Levels:           6  (DSP_ALU=1 DSP_M_DATA=1 DSP_MULTIPLIER=1 DSP_PREADD=1 DSP_PREADD_DATA=2)
  Clock Path Skew:        -0.022ns (DCD - SCD + CPR)
    Destination Clock Delay (DCD):    0.055ns = ( 5.055 - 5.000 ) 
    Source Clock Delay      (SCD):    0.077ns
    Clock Pessimism Removal (CPR):    0.000ns
  Clock Uncertainty:      0.035ns  ((TSJ^2 + TIJ^2)^1/2 + DJ) / 2 + PE
    Total System Jitter     (TSJ):    0.071ns
    Total Input Jitter      (TIJ):    0.000ns
    Discrete Jitter          (DJ):    0.000ns
    Phase Error              (PE):    0.000ns

    Location             Delay type                Incr(ns)  Path(ns)    Netlist Resource(s)
  -------------------------------------------------------------------    -------------------
                         (clock clk rise edge)        0.000     0.000 r  
                                                      0.000     0.000 r  clk (IN)
                         net (fo=3372, unset)         0.077     0.077    dut/u_arr/g_row[0].g_col[0].u_pe/u_dsp/CLK
                         DSP_A_B_DATA                                 r  dut/u_arr/g_row[0].g_col[0].u_pe/u_dsp/DSP_A_B_DATA_INST/CLK
  -------------------------------------------------------------------    -------------------
                         DSP_A_B_DATA (Prop_DSP_A_B_DATA_CLK_A2_DATA[9])
                                                      0.302     0.379 f  dut/u_arr/g_row[0].g_col[0].u_pe/u_dsp/DSP_A_B_DATA_INST/A2_DATA[9]
                         net (fo=1, unplaced)         0.000     0.379    dut/u_arr/g_row[0].g_col[0].u_pe/u_dsp/DSP_A_B_DATA.A2_DATA<9>
                         DSP_PREADD_DATA (Prop_DSP_PREADD_DATA_A2_DATA[9]_PREADD_AB[9])
                                                      0.185     0.564 r  dut/u_arr/g_row[0].g_col[0].u_pe/u_dsp/DSP_PREADD_DATA_INST/PREADD_AB[9]
                         net (fo=1, unplaced)         0.000     0.564    dut/u_arr/g_row[0].g_col[0].u_pe/u_dsp/DSP_PREADD_DATA.PREADD_AB<9>
                         DSP_PREADD (Prop_DSP_PREADD_PREADD_AB[9]_AD[9])
                                                      0.609     1.173 f  dut/u_arr/g_row[0].g_col[0].u_pe/u_dsp/DSP_PREADD_INST/AD[9]
                         net (fo=1, unplaced)         0.000     1.173    dut/u_arr/g_row[0].g_col[0].u_pe/u_dsp/DSP_PREADD.AD<9>
                         DSP_PREADD_DATA (Prop_DSP_PREADD_DATA_AD[9]_AD_DATA[9])
                                                      0.065     1.238 r  dut/u_arr/g_row[0].g_col[0].u_pe/u_dsp/DSP_PREADD_DATA_INST/AD_DATA[9]
                         net (fo=1, unplaced)         0.000     1.238    dut/u_arr/g_row[0].g_col[0].u_pe/u_dsp/DSP_PREADD_DATA.AD_DATA<9>
                         DSP_MULTIPLIER (Prop_DSP_MULTIPLIER_AD_DATA[9]_U[10])
                                                      0.778     2.016 f  dut/u_arr/g_row[0].g_col[0].u_pe/u_dsp/DSP_MULTIPLIER_INST/U[10]
                         net (fo=1, unplaced)         0.000     2.016    dut/u_arr/g_row[0].g_col[0].u_pe/u_dsp/DSP_MULTIPLIER.U<10>
                         DSP_M_DATA (Prop_DSP_M_DATA_U[10]_U_DATA[10])
                                                      0.067     2.083 r  dut/u_arr/g_row[0].g_col[0].u_pe/u_dsp/DSP_M_DATA_INST/U_DATA[10]
                         net (fo=1, unplaced)         0.000     2.083    dut/u_arr/g_row[0].g_col[0].u_pe/u_dsp/DSP_M_DATA.U_DATA<10>
                         DSP_ALU (Prop_DSP_ALU_U_DATA[10]_ALU_OUT[10])
                                                      0.727     2.810 r  dut/u_arr/g_row[0].g_col[0].u_pe/u_dsp/DSP_ALU_INST/ALU_OUT[10]
                         net (fo=1, unplaced)         0.000     2.810    dut/u_arr/g_row[0].g_col[0].u_pe/u_dsp/DSP_ALU.ALU_OUT<10>
                         DSP_OUTPUT                                   r  dut/u_arr/g_row[0].g_col[0].u_pe/u_dsp/DSP_OUTPUT_INST/ALU_OUT[10]
  -------------------------------------------------------------------    -------------------

                         (clock clk rise edge)        5.000     5.000 r  
                                                      0.000     5.000 r  clk (IN)
                         net (fo=3372, unset)         0.055     5.055    dut/u_arr/g_row[0].g_col[0].u_pe/u_dsp/CLK
                         DSP_OUTPUT                                   r  dut/u_arr/g_row[0].g_col[0].u_pe/u_dsp/DSP_OUTPUT_INST/CLK
                         clock pessimism              0.000     5.055    
                         clock uncertainty           -0.035     5.020    
                         DSP_OUTPUT (Setup_DSP_OUTPUT_CLK_ALU_OUT[10])
                                                      0.014     5.034    dut/u_arr/g_row[0].g_col[0].u_pe/u_dsp/DSP_OUTPUT_INST
  -------------------------------------------------------------------
                         required time                          5.034    
                         arrival time                          -2.810    
  -------------------------------------------------------------------
                         slack                                  2.224    

Slack (MET) :             2.224ns  (required time - arrival time)
  Source:                 dut/u_arr/g_row[0].g_col[0].u_pe/u_dsp/DSP_A_B_DATA_INST/CLK
                            (rising edge-triggered cell DSP_A_B_DATA clocked by clk  {rise@0.000ns fall@2.500ns period=5.000ns})
  Destination:            dut/u_arr/g_row[0].g_col[0].u_pe/u_dsp/DSP_OUTPUT_INST/ALU_OUT[11]
                            (rising edge-triggered cell DSP_OUTPUT clocked by clk  {rise@0.000ns fall@2.500ns period=5.000ns})
  Path Group:             clk
  Path Type:              Setup (Max at Slow Process Corner)
  Requirement:            5.000ns  (clk rise@5.000ns - clk rise@0.000ns)
  Data Path Delay:        2.733ns  (logic 2.733ns (100.000%)  route 0.000ns (0.000%))
  Logic Levels:           6  (DSP_ALU=1 DSP_M_DATA=1 DSP_MULTIPLIER=1 DSP_PREADD=1 DSP_PREADD_DATA=2)
  Clock Path Skew:        -0.022ns (DCD - SCD + CPR)
    Destination Clock Delay (DCD):    0.055ns = ( 5.055 - 5.000 ) 
    Source Clock Delay      (SCD):    0.077ns
    Clock Pessimism Removal (CPR):    0.000ns
  Clock Uncertainty:      0.035ns  ((TSJ^2 + TIJ^2)^1/2 + DJ) / 2 + PE
    Total System Jitter     (TSJ):    0.071ns
    Total Input Jitter      (TIJ):    0.000ns
    Discrete Jitter          (DJ):    0.000ns
    Phase Error              (PE):    0.000ns

    Location             Delay type                Incr(ns)  Path(ns)    Netlist Resource(s)
  -------------------------------------------------------------------    -------------------
                         (clock clk rise edge)        0.000     0.000 r  
                                                      0.000     0.000 r  clk (IN)
                         net (fo=3372, unset)         0.077     0.077    dut/u_arr/g_row[0].g_col[0].u_pe/u_dsp/CLK
                         DSP_A_B_DATA                                 r  dut/u_arr/g_row[0].g_col[0].u_pe/u_dsp/DSP_A_B_DATA_INST/CLK
  -------------------------------------------------------------------    -------------------
                         DSP_A_B_DATA (Prop_DSP_A_B_DATA_CLK_A2_DATA[10])
                                                      0.302     0.379 f  dut/u_arr/g_row[0].g_col[0].u_pe/u_dsp/DSP_A_B_DATA_INST/A2_DATA[10]
                         net (fo=1, unplaced)         0.000     0.379    dut/u_arr/g_row[0].g_col[0].u_pe/u_dsp/DSP_A_B_DATA.A2_DATA<10>
                         DSP_PREADD_DATA (Prop_DSP_PREADD_DATA_A2_DATA[10]_PREADD_AB[10])
                                                      0.185     0.564 r  dut/u_arr/g_row[0].g_col[0].u_pe/u_dsp/DSP_PREADD_DATA_INST/PREADD_AB[10]
                         net (fo=1, unplaced)         0.000     0.564    dut/u_arr/g_row[0].g_col[0].u_pe/u_dsp/DSP_PREADD_DATA.PREADD_AB<10>
                         DSP_PREADD (Prop_DSP_PREADD_PREADD_AB[10]_AD[10])
                                                      0.609     1.173 f  dut/u_arr/g_row[0].g_col[0].u_pe/u_dsp/DSP_PREADD_INST/AD[10]
                         net (fo=1, unplaced)         0.000     1.173    dut/u_arr/g_row[0].g_col[0].u_pe/u_dsp/DSP_PREADD.AD<10>
                         DSP_PREADD_DATA (Prop_DSP_PREADD_DATA_AD[10]_AD_DATA[10])
                                                      0.065     1.238 r  dut/u_arr/g_row[0].g_col[0].u_pe/u_dsp/DSP_PREADD_DATA_INST/AD_DATA[10]
                         net (fo=1, unplaced)         0.000     1.238    dut/u_arr/g_row[0].g_col[0].u_pe/u_dsp/DSP_PREADD_DATA.AD_DATA<10>
                         DSP_MULTIPLIER (Prop_DSP_MULTIPLIER_AD_DATA[10]_U[11])
                                                      0.778     2.016 f  dut/u_arr/g_row[0].g_col[0].u_pe/u_dsp/DSP_MULTIPLIER_INST/U[11]
                         net (fo=1, unplaced)         0.000     2.016    dut/u_arr/g_row[0].g_col[0].u_pe/u_dsp/DSP_MULTIPLIER.U<11>
                         DSP_M_DATA (Prop_DSP_M_DATA_U[11]_U_DATA[11])
                                                      0.067     2.083 r  dut/u_arr/g_row[0].g_col[0].u_pe/u_dsp/DSP_M_DATA_INST/U_DATA[11]
                         net (fo=1, unplaced)         0.000     2.083    dut/u_arr/g_row[0].g_col[0].u_pe/u_dsp/DSP_M_DATA.U_DATA<11>
                         DSP_ALU (Prop_DSP_ALU_U_DATA[11]_ALU_OUT[11])
                                                      0.727     2.810 r  dut/u_arr/g_row[0].g_col[0].u_pe/u_dsp/DSP_ALU_INST/ALU_OUT[11]
                         net (fo=1, unplaced)         0.000     2.810    dut/u_arr/g_row[0].g_col[0].u_pe/u_dsp/DSP_ALU.ALU_OUT<11>
                         DSP_OUTPUT                                   r  dut/u_arr/g_row[0].g_col[0].u_pe/u_dsp/DSP_OUTPUT_INST/ALU_OUT[11]
  -------------------------------------------------------------------    -------------------

                         (clock clk rise edge)        5.000     5.000 r  
                                                      0.000     5.000 r  clk (IN)
                         net (fo=3372, unset)         0.055     5.055    dut/u_arr/g_row[0].g_col[0].u_pe/u_dsp/CLK
                         DSP_OUTPUT                                   r  dut/u_arr/g_row[0].g_col[0].u_pe/u_dsp/DSP_OUTPUT_INST/CLK
                         clock pessimism              0.000     5.055    
                         clock uncertainty           -0.035     5.020    
                         DSP_OUTPUT (Setup_DSP_OUTPUT_CLK_ALU_OUT[11])
                                                      0.014     5.034    dut/u_arr/g_row[0].g_col[0].u_pe/u_dsp/DSP_OUTPUT_INST
  -------------------------------------------------------------------
                         required time                          5.034    
                         arrival time                          -2.810    
  -------------------------------------------------------------------
                         slack                                  2.224    

Slack (MET) :             2.224ns  (required time - arrival time)
  Source:                 dut/u_arr/g_row[0].g_col[0].u_pe/u_dsp/DSP_A_B_DATA_INST/CLK
                            (rising edge-triggered cell DSP_A_B_DATA clocked by clk  {rise@0.000ns fall@2.500ns period=5.000ns})
  Destination:            dut/u_arr/g_row[0].g_col[0].u_pe/u_dsp/DSP_OUTPUT_INST/ALU_OUT[12]
                            (rising edge-triggered cell DSP_OUTPUT clocked by clk  {rise@0.000ns fall@2.500ns period=5.000ns})
  Path Group:             clk
  Path Type:              Setup (Max at Slow Process Corner)
  Requirement:            5.000ns  (clk rise@5.000ns - clk rise@0.000ns)
  Data Path Delay:        2.733ns  (logic 2.733ns (100.000%)  route 0.000ns (0.000%))
  Logic Levels:           6  (DSP_ALU=1 DSP_M_DATA=1 DSP_MULTIPLIER=1 DSP_PREADD=1 DSP_PREADD_DATA=2)
  Clock Path Skew:        -0.022ns (DCD - SCD + CPR)
    Destination Clock Delay (DCD):    0.055ns = ( 5.055 - 5.000 ) 
    Source Clock Delay      (SCD):    0.077ns
    Clock Pessimism Removal (CPR):    0.000ns
  Clock Uncertainty:      0.035ns  ((TSJ^2 + TIJ^2)^1/2 + DJ) / 2 + PE
    Total System Jitter     (TSJ):    0.071ns
    Total Input Jitter      (TIJ):    0.000ns
    Discrete Jitter          (DJ):    0.000ns
    Phase Error              (PE):    0.000ns

    Location             Delay type                Incr(ns)  Path(ns)    Netlist Resource(s)
  -------------------------------------------------------------------    -------------------
                         (clock clk rise edge)        0.000     0.000 r  
                                                      0.000     0.000 r  clk (IN)
                         net (fo=3372, unset)         0.077     0.077    dut/u_arr/g_row[0].g_col[0].u_pe/u_dsp/CLK
                         DSP_A_B_DATA                                 r  dut/u_arr/g_row[0].g_col[0].u_pe/u_dsp/DSP_A_B_DATA_INST/CLK
  -------------------------------------------------------------------    -------------------
                         DSP_A_B_DATA (Prop_DSP_A_B_DATA_CLK_A2_DATA[11])
                                                      0.302     0.379 f  dut/u_arr/g_row[0].g_col[0].u_pe/u_dsp/DSP_A_B_DATA_INST/A2_DATA[11]
                         net (fo=1, unplaced)         0.000     0.379    dut/u_arr/g_row[0].g_col[0].u_pe/u_dsp/DSP_A_B_DATA.A2_DATA<11>
                         DSP_PREADD_DATA (Prop_DSP_PREADD_DATA_A2_DATA[11]_PREADD_AB[11])
                                                      0.185     0.564 r  dut/u_arr/g_row[0].g_col[0].u_pe/u_dsp/DSP_PREADD_DATA_INST/PREADD_AB[11]
                         net (fo=1, unplaced)         0.000     0.564    dut/u_arr/g_row[0].g_col[0].u_pe/u_dsp/DSP_PREADD_DATA.PREADD_AB<11>
                         DSP_PREADD (Prop_DSP_PREADD_PREADD_AB[11]_AD[11])
                                                      0.609     1.173 f  dut/u_arr/g_row[0].g_col[0].u_pe/u_dsp/DSP_PREADD_INST/AD[11]
                         net (fo=1, unplaced)         0.000     1.173    dut/u_arr/g_row[0].g_col[0].u_pe/u_dsp/DSP_PREADD.AD<11>
                         DSP_PREADD_DATA (Prop_DSP_PREADD_DATA_AD[11]_AD_DATA[11])
                                                      0.065     1.238 r  dut/u_arr/g_row[0].g_col[0].u_pe/u_dsp/DSP_PREADD_DATA_INST/AD_DATA[11]
                         net (fo=1, unplaced)         0.000     1.238    dut/u_arr/g_row[0].g_col[0].u_pe/u_dsp/DSP_PREADD_DATA.AD_DATA<11>
                         DSP_MULTIPLIER (Prop_DSP_MULTIPLIER_AD_DATA[11]_U[12])
                                                      0.778     2.016 f  dut/u_arr/g_row[0].g_col[0].u_pe/u_dsp/DSP_MULTIPLIER_INST/U[12]
                         net (fo=1, unplaced)         0.000     2.016    dut/u_arr/g_row[0].g_col[0].u_pe/u_dsp/DSP_MULTIPLIER.U<12>
                         DSP_M_DATA (Prop_DSP_M_DATA_U[12]_U_DATA[12])
                                                      0.067     2.083 r  dut/u_arr/g_row[0].g_col[0].u_pe/u_dsp/DSP_M_DATA_INST/U_DATA[12]
                         net (fo=1, unplaced)         0.000     2.083    dut/u_arr/g_row[0].g_col[0].u_pe/u_dsp/DSP_M_DATA.U_DATA<12>
                         DSP_ALU (Prop_DSP_ALU_U_DATA[12]_ALU_OUT[12])
                                                      0.727     2.810 r  dut/u_arr/g_row[0].g_col[0].u_pe/u_dsp/DSP_ALU_INST/ALU_OUT[12]
                         net (fo=1, unplaced)         0.000     2.810    dut/u_arr/g_row[0].g_col[0].u_pe/u_dsp/DSP_ALU.ALU_OUT<12>
                         DSP_OUTPUT                                   r  dut/u_arr/g_row[0].g_col[0].u_pe/u_dsp/DSP_OUTPUT_INST/ALU_OUT[12]
  -------------------------------------------------------------------    -------------------

                         (clock clk rise edge)        5.000     5.000 r  
                                                      0.000     5.000 r  clk (IN)
                         net (fo=3372, unset)         0.055     5.055    dut/u_arr/g_row[0].g_col[0].u_pe/u_dsp/CLK
                         DSP_OUTPUT                                   r  dut/u_arr/g_row[0].g_col[0].u_pe/u_dsp/DSP_OUTPUT_INST/CLK
                         clock pessimism              0.000     5.055    
                         clock uncertainty           -0.035     5.020    
                         DSP_OUTPUT (Setup_DSP_OUTPUT_CLK_ALU_OUT[12])
                                                      0.014     5.034    dut/u_arr/g_row[0].g_col[0].u_pe/u_dsp/DSP_OUTPUT_INST
  -------------------------------------------------------------------
                         required time                          5.034    
                         arrival time                          -2.810    
  -------------------------------------------------------------------
                         slack                                  2.224    

Slack (MET) :             2.224ns  (required time - arrival time)
  Source:                 dut/u_arr/g_row[0].g_col[0].u_pe/u_dsp/DSP_A_B_DATA_INST/CLK
                            (rising edge-triggered cell DSP_A_B_DATA clocked by clk  {rise@0.000ns fall@2.500ns period=5.000ns})
  Destination:            dut/u_arr/g_row[0].g_col[0].u_pe/u_dsp/DSP_OUTPUT_INST/ALU_OUT[13]
                            (rising edge-triggered cell DSP_OUTPUT clocked by clk  {rise@0.000ns fall@2.500ns period=5.000ns})
  Path Group:             clk
  Path Type:              Setup (Max at Slow Process Corner)
  Requirement:            5.000ns  (clk rise@5.000ns - clk rise@0.000ns)
  Data Path Delay:        2.733ns  (logic 2.733ns (100.000%)  route 0.000ns (0.000%))
  Logic Levels:           6  (DSP_ALU=1 DSP_M_DATA=1 DSP_MULTIPLIER=1 DSP_PREADD=1 DSP_PREADD_DATA=2)
  Clock Path Skew:        -0.022ns (DCD - SCD + CPR)
    Destination Clock Delay (DCD):    0.055ns = ( 5.055 - 5.000 ) 
    Source Clock Delay      (SCD):    0.077ns
    Clock Pessimism Removal (CPR):    0.000ns
  Clock Uncertainty:      0.035ns  ((TSJ^2 + TIJ^2)^1/2 + DJ) / 2 + PE
    Total System Jitter     (TSJ):    0.071ns
    Total Input Jitter      (TIJ):    0.000ns
    Discrete Jitter          (DJ):    0.000ns
    Phase Error              (PE):    0.000ns

    Location             Delay type                Incr(ns)  Path(ns)    Netlist Resource(s)
  -------------------------------------------------------------------    -------------------
                         (clock clk rise edge)        0.000     0.000 r  
                                                      0.000     0.000 r  clk (IN)
                         net (fo=3372, unset)         0.077     0.077    dut/u_arr/g_row[0].g_col[0].u_pe/u_dsp/CLK
                         DSP_A_B_DATA                                 r  dut/u_arr/g_row[0].g_col[0].u_pe/u_dsp/DSP_A_B_DATA_INST/CLK
  -------------------------------------------------------------------    -------------------
                         DSP_A_B_DATA (Prop_DSP_A_B_DATA_CLK_A2_DATA[12])
                                                      0.302     0.379 f  dut/u_arr/g_row[0].g_col[0].u_pe/u_dsp/DSP_A_B_DATA_INST/A2_DATA[12]
                         net (fo=1, unplaced)         0.000     0.379    dut/u_arr/g_row[0].g_col[0].u_pe/u_dsp/DSP_A_B_DATA.A2_DATA<12>
                         DSP_PREADD_DATA (Prop_DSP_PREADD_DATA_A2_DATA[12]_PREADD_AB[12])
                                                      0.185     0.564 r  dut/u_arr/g_row[0].g_col[0].u_pe/u_dsp/DSP_PREADD_DATA_INST/PREADD_AB[12]
                         net (fo=1, unplaced)         0.000     0.564    dut/u_arr/g_row[0].g_col[0].u_pe/u_dsp/DSP_PREADD_DATA.PREADD_AB<12>
                         DSP_PREADD (Prop_DSP_PREADD_PREADD_AB[12]_AD[12])
                                                      0.609     1.173 f  dut/u_arr/g_row[0].g_col[0].u_pe/u_dsp/DSP_PREADD_INST/AD[12]
                         net (fo=1, unplaced)         0.000     1.173    dut/u_arr/g_row[0].g_col[0].u_pe/u_dsp/DSP_PREADD.AD<12>
                         DSP_PREADD_DATA (Prop_DSP_PREADD_DATA_AD[12]_AD_DATA[12])
                                                      0.065     1.238 r  dut/u_arr/g_row[0].g_col[0].u_pe/u_dsp/DSP_PREADD_DATA_INST/AD_DATA[12]
                         net (fo=1, unplaced)         0.000     1.238    dut/u_arr/g_row[0].g_col[0].u_pe/u_dsp/DSP_PREADD_DATA.AD_DATA<12>
                         DSP_MULTIPLIER (Prop_DSP_MULTIPLIER_AD_DATA[12]_U[13])
                                                      0.778     2.016 f  dut/u_arr/g_row[0].g_col[0].u_pe/u_dsp/DSP_MULTIPLIER_INST/U[13]
                         net (fo=1, unplaced)         0.000     2.016    dut/u_arr/g_row[0].g_col[0].u_pe/u_dsp/DSP_MULTIPLIER.U<13>
                         DSP_M_DATA (Prop_DSP_M_DATA_U[13]_U_DATA[13])
                                                      0.067     2.083 r  dut/u_arr/g_row[0].g_col[0].u_pe/u_dsp/DSP_M_DATA_INST/U_DATA[13]
                         net (fo=1, unplaced)         0.000     2.083    dut/u_arr/g_row[0].g_col[0].u_pe/u_dsp/DSP_M_DATA.U_DATA<13>
                         DSP_ALU (Prop_DSP_ALU_U_DATA[13]_ALU_OUT[13])
                                                      0.727     2.810 r  dut/u_arr/g_row[0].g_col[0].u_pe/u_dsp/DSP_ALU_INST/ALU_OUT[13]
                         net (fo=1, unplaced)         0.000     2.810    dut/u_arr/g_row[0].g_col[0].u_pe/u_dsp/DSP_ALU.ALU_OUT<13>
                         DSP_OUTPUT                                   r  dut/u_arr/g_row[0].g_col[0].u_pe/u_dsp/DSP_OUTPUT_INST/ALU_OUT[13]
  -------------------------------------------------------------------    -------------------

                         (clock clk rise edge)        5.000     5.000 r  
                                                      0.000     5.000 r  clk (IN)
                         net (fo=3372, unset)         0.055     5.055    dut/u_arr/g_row[0].g_col[0].u_pe/u_dsp/CLK
                         DSP_OUTPUT                                   r  dut/u_arr/g_row[0].g_col[0].u_pe/u_dsp/DSP_OUTPUT_INST/CLK
                         clock pessimism              0.000     5.055    
                         clock uncertainty           -0.035     5.020    
                         DSP_OUTPUT (Setup_DSP_OUTPUT_CLK_ALU_OUT[13])
                                                      0.014     5.034    dut/u_arr/g_row[0].g_col[0].u_pe/u_dsp/DSP_OUTPUT_INST
  -------------------------------------------------------------------
                         required time                          5.034    
                         arrival time                          -2.810    
  -------------------------------------------------------------------
                         slack                                  2.224    

Slack (MET) :             2.224ns  (required time - arrival time)
  Source:                 dut/u_arr/g_row[0].g_col[0].u_pe/u_dsp/DSP_A_B_DATA_INST/CLK
                            (rising edge-triggered cell DSP_A_B_DATA clocked by clk  {rise@0.000ns fall@2.500ns period=5.000ns})
  Destination:            dut/u_arr/g_row[0].g_col[0].u_pe/u_dsp/DSP_OUTPUT_INST/ALU_OUT[14]
                            (rising edge-triggered cell DSP_OUTPUT clocked by clk  {rise@0.000ns fall@2.500ns period=5.000ns})
  Path Group:             clk
  Path Type:              Setup (Max at Slow Process Corner)
  Requirement:            5.000ns  (clk rise@5.000ns - clk rise@0.000ns)
  Data Path Delay:        2.733ns  (logic 2.733ns (100.000%)  route 0.000ns (0.000%))
  Logic Levels:           6  (DSP_ALU=1 DSP_M_DATA=1 DSP_MULTIPLIER=1 DSP_PREADD=1 DSP_PREADD_DATA=2)
  Clock Path Skew:        -0.022ns (DCD - SCD + CPR)
    Destination Clock Delay (DCD):    0.055ns = ( 5.055 - 5.000 ) 
    Source Clock Delay      (SCD):    0.077ns
    Clock Pessimism Removal (CPR):    0.000ns
  Clock Uncertainty:      0.035ns  ((TSJ^2 + TIJ^2)^1/2 + DJ) / 2 + PE
    Total System Jitter     (TSJ):    0.071ns
    Total Input Jitter      (TIJ):    0.000ns
    Discrete Jitter          (DJ):    0.000ns
    Phase Error              (PE):    0.000ns

    Location             Delay type                Incr(ns)  Path(ns)    Netlist Resource(s)
  -------------------------------------------------------------------    -------------------
                         (clock clk rise edge)        0.000     0.000 r  
                                                      0.000     0.000 r  clk (IN)
                         net (fo=3372, unset)         0.077     0.077    dut/u_arr/g_row[0].g_col[0].u_pe/u_dsp/CLK
                         DSP_A_B_DATA                                 r  dut/u_arr/g_row[0].g_col[0].u_pe/u_dsp/DSP_A_B_DATA_INST/CLK
  -------------------------------------------------------------------    -------------------
                         DSP_A_B_DATA (Prop_DSP_A_B_DATA_CLK_A2_DATA[13])
                                                      0.302     0.379 f  dut/u_arr/g_row[0].g_col[0].u_pe/u_dsp/DSP_A_B_DATA_INST/A2_DATA[13]
                         net (fo=1, unplaced)         0.000     0.379    dut/u_arr/g_row[0].g_col[0].u_pe/u_dsp/DSP_A_B_DATA.A2_DATA<13>
                         DSP_PREADD_DATA (Prop_DSP_PREADD_DATA_A2_DATA[13]_PREADD_AB[13])
                                                      0.185     0.564 r  dut/u_arr/g_row[0].g_col[0].u_pe/u_dsp/DSP_PREADD_DATA_INST/PREADD_AB[13]
                         net (fo=1, unplaced)         0.000     0.564    dut/u_arr/g_row[0].g_col[0].u_pe/u_dsp/DSP_PREADD_DATA.PREADD_AB<13>
                         DSP_PREADD (Prop_DSP_PREADD_PREADD_AB[13]_AD[13])
                                                      0.609     1.173 f  dut/u_arr/g_row[0].g_col[0].u_pe/u_dsp/DSP_PREADD_INST/AD[13]
                         net (fo=1, unplaced)         0.000     1.173    dut/u_arr/g_row[0].g_col[0].u_pe/u_dsp/DSP_PREADD.AD<13>
                         DSP_PREADD_DATA (Prop_DSP_PREADD_DATA_AD[13]_AD_DATA[13])
                                                      0.065     1.238 r  dut/u_arr/g_row[0].g_col[0].u_pe/u_dsp/DSP_PREADD_DATA_INST/AD_DATA[13]
                         net (fo=1, unplaced)         0.000     1.238    dut/u_arr/g_row[0].g_col[0].u_pe/u_dsp/DSP_PREADD_DATA.AD_DATA<13>
                         DSP_MULTIPLIER (Prop_DSP_MULTIPLIER_AD_DATA[13]_U[14])
                                                      0.778     2.016 f  dut/u_arr/g_row[0].g_col[0].u_pe/u_dsp/DSP_MULTIPLIER_INST/U[14]
                         net (fo=1, unplaced)         0.000     2.016    dut/u_arr/g_row[0].g_col[0].u_pe/u_dsp/DSP_MULTIPLIER.U<14>
                         DSP_M_DATA (Prop_DSP_M_DATA_U[14]_U_DATA[14])
                                                      0.067     2.083 r  dut/u_arr/g_row[0].g_col[0].u_pe/u_dsp/DSP_M_DATA_INST/U_DATA[14]
                         net (fo=1, unplaced)         0.000     2.083    dut/u_arr/g_row[0].g_col[0].u_pe/u_dsp/DSP_M_DATA.U_DATA<14>
                         DSP_ALU (Prop_DSP_ALU_U_DATA[14]_ALU_OUT[14])
                                                      0.727     2.810 r  dut/u_arr/g_row[0].g_col[0].u_pe/u_dsp/DSP_ALU_INST/ALU_OUT[14]
                         net (fo=1, unplaced)         0.000     2.810    dut/u_arr/g_row[0].g_col[0].u_pe/u_dsp/DSP_ALU.ALU_OUT<14>
                         DSP_OUTPUT                                   r  dut/u_arr/g_row[0].g_col[0].u_pe/u_dsp/DSP_OUTPUT_INST/ALU_OUT[14]
  -------------------------------------------------------------------    -------------------

                         (clock clk rise edge)        5.000     5.000 r  
                                                      0.000     5.000 r  clk (IN)
                         net (fo=3372, unset)         0.055     5.055    dut/u_arr/g_row[0].g_col[0].u_pe/u_dsp/CLK
                         DSP_OUTPUT                                   r  dut/u_arr/g_row[0].g_col[0].u_pe/u_dsp/DSP_OUTPUT_INST/CLK
                         clock pessimism              0.000     5.055    
                         clock uncertainty           -0.035     5.020    
                         DSP_OUTPUT (Setup_DSP_OUTPUT_CLK_ALU_OUT[14])
                                                      0.014     5.034    dut/u_arr/g_row[0].g_col[0].u_pe/u_dsp/DSP_OUTPUT_INST
  -------------------------------------------------------------------
                         required time                          5.034    
                         arrival time                          -2.810    
  -------------------------------------------------------------------
                         slack                                  2.224    

Slack (MET) :             2.224ns  (required time - arrival time)
  Source:                 dut/u_arr/g_row[0].g_col[0].u_pe/u_dsp/DSP_A_B_DATA_INST/CLK
                            (rising edge-triggered cell DSP_A_B_DATA clocked by clk  {rise@0.000ns fall@2.500ns period=5.000ns})
  Destination:            dut/u_arr/g_row[0].g_col[0].u_pe/u_dsp/DSP_OUTPUT_INST/ALU_OUT[15]
                            (rising edge-triggered cell DSP_OUTPUT clocked by clk  {rise@0.000ns fall@2.500ns period=5.000ns})
  Path Group:             clk
  Path Type:              Setup (Max at Slow Process Corner)
  Requirement:            5.000ns  (clk rise@5.000ns - clk rise@0.000ns)
  Data Path Delay:        2.733ns  (logic 2.733ns (100.000%)  route 0.000ns (0.000%))
  Logic Levels:           6  (DSP_ALU=1 DSP_M_DATA=1 DSP_MULTIPLIER=1 DSP_PREADD=1 DSP_PREADD_DATA=2)
  Clock Path Skew:        -0.022ns (DCD - SCD + CPR)
    Destination Clock Delay (DCD):    0.055ns = ( 5.055 - 5.000 ) 
    Source Clock Delay      (SCD):    0.077ns
    Clock Pessimism Removal (CPR):    0.000ns
  Clock Uncertainty:      0.035ns  ((TSJ^2 + TIJ^2)^1/2 + DJ) / 2 + PE
    Total System Jitter     (TSJ):    0.071ns
    Total Input Jitter      (TIJ):    0.000ns
    Discrete Jitter          (DJ):    0.000ns
    Phase Error              (PE):    0.000ns

    Location             Delay type                Incr(ns)  Path(ns)    Netlist Resource(s)
  -------------------------------------------------------------------    -------------------
                         (clock clk rise edge)        0.000     0.000 r  
                                                      0.000     0.000 r  clk (IN)
                         net (fo=3372, unset)         0.077     0.077    dut/u_arr/g_row[0].g_col[0].u_pe/u_dsp/CLK
                         DSP_A_B_DATA                                 r  dut/u_arr/g_row[0].g_col[0].u_pe/u_dsp/DSP_A_B_DATA_INST/CLK
  -------------------------------------------------------------------    -------------------
                         DSP_A_B_DATA (Prop_DSP_A_B_DATA_CLK_A2_DATA[14])
                                                      0.302     0.379 f  dut/u_arr/g_row[0].g_col[0].u_pe/u_dsp/DSP_A_B_DATA_INST/A2_DATA[14]
                         net (fo=1, unplaced)         0.000     0.379    dut/u_arr/g_row[0].g_col[0].u_pe/u_dsp/DSP_A_B_DATA.A2_DATA<14>
                         DSP_PREADD_DATA (Prop_DSP_PREADD_DATA_A2_DATA[14]_PREADD_AB[14])
                                                      0.185     0.564 r  dut/u_arr/g_row[0].g_col[0].u_pe/u_dsp/DSP_PREADD_DATA_INST/PREADD_AB[14]
                         net (fo=1, unplaced)         0.000     0.564    dut/u_arr/g_row[0].g_col[0].u_pe/u_dsp/DSP_PREADD_DATA.PREADD_AB<14>
                         DSP_PREADD (Prop_DSP_PREADD_PREADD_AB[14]_AD[14])
                                                      0.609     1.173 f  dut/u_arr/g_row[0].g_col[0].u_pe/u_dsp/DSP_PREADD_INST/AD[14]
                         net (fo=1, unplaced)         0.000     1.173    dut/u_arr/g_row[0].g_col[0].u_pe/u_dsp/DSP_PREADD.AD<14>
                         DSP_PREADD_DATA (Prop_DSP_PREADD_DATA_AD[14]_AD_DATA[14])
                                                      0.065     1.238 r  dut/u_arr/g_row[0].g_col[0].u_pe/u_dsp/DSP_PREADD_DATA_INST/AD_DATA[14]
                         net (fo=1, unplaced)         0.000     1.238    dut/u_arr/g_row[0].g_col[0].u_pe/u_dsp/DSP_PREADD_DATA.AD_DATA<14>
                         DSP_MULTIPLIER (Prop_DSP_MULTIPLIER_AD_DATA[14]_U[15])
                                                      0.778     2.016 f  dut/u_arr/g_row[0].g_col[0].u_pe/u_dsp/DSP_MULTIPLIER_INST/U[15]
                         net (fo=1, unplaced)         0.000     2.016    dut/u_arr/g_row[0].g_col[0].u_pe/u_dsp/DSP_MULTIPLIER.U<15>
                         DSP_M_DATA (Prop_DSP_M_DATA_U[15]_U_DATA[15])
                                                      0.067     2.083 r  dut/u_arr/g_row[0].g_col[0].u_pe/u_dsp/DSP_M_DATA_INST/U_DATA[15]
                         net (fo=1, unplaced)         0.000     2.083    dut/u_arr/g_row[0].g_col[0].u_pe/u_dsp/DSP_M_DATA.U_DATA<15>
                         DSP_ALU (Prop_DSP_ALU_U_DATA[15]_ALU_OUT[15])
                                                      0.727     2.810 r  dut/u_arr/g_row[0].g_col[0].u_pe/u_dsp/DSP_ALU_INST/ALU_OUT[15]
                         net (fo=1, unplaced)         0.000     2.810    dut/u_arr/g_row[0].g_col[0].u_pe/u_dsp/DSP_ALU.ALU_OUT<15>
                         DSP_OUTPUT                                   r  dut/u_arr/g_row[0].g_col[0].u_pe/u_dsp/DSP_OUTPUT_INST/ALU_OUT[15]
  -------------------------------------------------------------------    -------------------

                         (clock clk rise edge)        5.000     5.000 r  
                                                      0.000     5.000 r  clk (IN)
                         net (fo=3372, unset)         0.055     5.055    dut/u_arr/g_row[0].g_col[0].u_pe/u_dsp/CLK
                         DSP_OUTPUT                                   r  dut/u_arr/g_row[0].g_col[0].u_pe/u_dsp/DSP_OUTPUT_INST/CLK
                         clock pessimism              0.000     5.055    
                         clock uncertainty           -0.035     5.020    
                         DSP_OUTPUT (Setup_DSP_OUTPUT_CLK_ALU_OUT[15])
                                                      0.014     5.034    dut/u_arr/g_row[0].g_col[0].u_pe/u_dsp/DSP_OUTPUT_INST
  -------------------------------------------------------------------
                         required time                          5.034    
                         arrival time                          -2.810    
  -------------------------------------------------------------------
                         slack                                  2.224    

Slack (MET) :             2.224ns  (required time - arrival time)
  Source:                 dut/u_arr/g_row[0].g_col[0].u_pe/u_dsp/DSP_A_B_DATA_INST/CLK
                            (rising edge-triggered cell DSP_A_B_DATA clocked by clk  {rise@0.000ns fall@2.500ns period=5.000ns})
  Destination:            dut/u_arr/g_row[0].g_col[0].u_pe/u_dsp/DSP_OUTPUT_INST/ALU_OUT[16]
                            (rising edge-triggered cell DSP_OUTPUT clocked by clk  {rise@0.000ns fall@2.500ns period=5.000ns})
  Path Group:             clk
  Path Type:              Setup (Max at Slow Process Corner)
  Requirement:            5.000ns  (clk rise@5.000ns - clk rise@0.000ns)
  Data Path Delay:        2.733ns  (logic 2.733ns (100.000%)  route 0.000ns (0.000%))
  Logic Levels:           6  (DSP_ALU=1 DSP_M_DATA=1 DSP_MULTIPLIER=1 DSP_PREADD=1 DSP_PREADD_DATA=2)
  Clock Path Skew:        -0.022ns (DCD - SCD + CPR)
    Destination Clock Delay (DCD):    0.055ns = ( 5.055 - 5.000 ) 
    Source Clock Delay      (SCD):    0.077ns
    Clock Pessimism Removal (CPR):    0.000ns
  Clock Uncertainty:      0.035ns  ((TSJ^2 + TIJ^2)^1/2 + DJ) / 2 + PE
    Total System Jitter     (TSJ):    0.071ns
    Total Input Jitter      (TIJ):    0.000ns
    Discrete Jitter          (DJ):    0.000ns
    Phase Error              (PE):    0.000ns

    Location             Delay type                Incr(ns)  Path(ns)    Netlist Resource(s)
  -------------------------------------------------------------------    -------------------
                         (clock clk rise edge)        0.000     0.000 r  
                                                      0.000     0.000 r  clk (IN)
                         net (fo=3372, unset)         0.077     0.077    dut/u_arr/g_row[0].g_col[0].u_pe/u_dsp/CLK
                         DSP_A_B_DATA                                 r  dut/u_arr/g_row[0].g_col[0].u_pe/u_dsp/DSP_A_B_DATA_INST/CLK
  -------------------------------------------------------------------    -------------------
                         DSP_A_B_DATA (Prop_DSP_A_B_DATA_CLK_A2_DATA[15])
                                                      0.302     0.379 f  dut/u_arr/g_row[0].g_col[0].u_pe/u_dsp/DSP_A_B_DATA_INST/A2_DATA[15]
                         net (fo=1, unplaced)         0.000     0.379    dut/u_arr/g_row[0].g_col[0].u_pe/u_dsp/DSP_A_B_DATA.A2_DATA<15>
                         DSP_PREADD_DATA (Prop_DSP_PREADD_DATA_A2_DATA[15]_PREADD_AB[15])
                                                      0.185     0.564 r  dut/u_arr/g_row[0].g_col[0].u_pe/u_dsp/DSP_PREADD_DATA_INST/PREADD_AB[15]
                         net (fo=1, unplaced)         0.000     0.564    dut/u_arr/g_row[0].g_col[0].u_pe/u_dsp/DSP_PREADD_DATA.PREADD_AB<15>
                         DSP_PREADD (Prop_DSP_PREADD_PREADD_AB[15]_AD[15])
                                                      0.609     1.173 f  dut/u_arr/g_row[0].g_col[0].u_pe/u_dsp/DSP_PREADD_INST/AD[15]
                         net (fo=1, unplaced)         0.000     1.173    dut/u_arr/g_row[0].g_col[0].u_pe/u_dsp/DSP_PREADD.AD<15>
                         DSP_PREADD_DATA (Prop_DSP_PREADD_DATA_AD[15]_AD_DATA[15])
                                                      0.065     1.238 r  dut/u_arr/g_row[0].g_col[0].u_pe/u_dsp/DSP_PREADD_DATA_INST/AD_DATA[15]
                         net (fo=1, unplaced)         0.000     1.238    dut/u_arr/g_row[0].g_col[0].u_pe/u_dsp/DSP_PREADD_DATA.AD_DATA<15>
                         DSP_MULTIPLIER (Prop_DSP_MULTIPLIER_AD_DATA[15]_U[16])
                                                      0.778     2.016 f  dut/u_arr/g_row[0].g_col[0].u_pe/u_dsp/DSP_MULTIPLIER_INST/U[16]
                         net (fo=1, unplaced)         0.000     2.016    dut/u_arr/g_row[0].g_col[0].u_pe/u_dsp/DSP_MULTIPLIER.U<16>
                         DSP_M_DATA (Prop_DSP_M_DATA_U[16]_U_DATA[16])
                                                      0.067     2.083 r  dut/u_arr/g_row[0].g_col[0].u_pe/u_dsp/DSP_M_DATA_INST/U_DATA[16]
                         net (fo=1, unplaced)         0.000     2.083    dut/u_arr/g_row[0].g_col[0].u_pe/u_dsp/DSP_M_DATA.U_DATA<16>
                         DSP_ALU (Prop_DSP_ALU_U_DATA[16]_ALU_OUT[16])
                                                      0.727     2.810 r  dut/u_arr/g_row[0].g_col[0].u_pe/u_dsp/DSP_ALU_INST/ALU_OUT[16]
                         net (fo=1, unplaced)         0.000     2.810    dut/u_arr/g_row[0].g_col[0].u_pe/u_dsp/DSP_ALU.ALU_OUT<16>
                         DSP_OUTPUT                                   r  dut/u_arr/g_row[0].g_col[0].u_pe/u_dsp/DSP_OUTPUT_INST/ALU_OUT[16]
  -------------------------------------------------------------------    -------------------

                         (clock clk rise edge)        5.000     5.000 r  
                                                      0.000     5.000 r  clk (IN)
                         net (fo=3372, unset)         0.055     5.055    dut/u_arr/g_row[0].g_col[0].u_pe/u_dsp/CLK
                         DSP_OUTPUT                                   r  dut/u_arr/g_row[0].g_col[0].u_pe/u_dsp/DSP_OUTPUT_INST/CLK
                         clock pessimism              0.000     5.055    
                         clock uncertainty           -0.035     5.020    
                         DSP_OUTPUT (Setup_DSP_OUTPUT_CLK_ALU_OUT[16])
                                                      0.014     5.034    dut/u_arr/g_row[0].g_col[0].u_pe/u_dsp/DSP_OUTPUT_INST
  -------------------------------------------------------------------
                         required time                          5.034    
                         arrival time                          -2.810    
  -------------------------------------------------------------------
                         slack                                  2.224    

Slack (MET) :             2.224ns  (required time - arrival time)
  Source:                 dut/u_arr/g_row[0].g_col[0].u_pe/u_dsp/DSP_A_B_DATA_INST/CLK
                            (rising edge-triggered cell DSP_A_B_DATA clocked by clk  {rise@0.000ns fall@2.500ns period=5.000ns})
  Destination:            dut/u_arr/g_row[0].g_col[0].u_pe/u_dsp/DSP_OUTPUT_INST/ALU_OUT[17]
                            (rising edge-triggered cell DSP_OUTPUT clocked by clk  {rise@0.000ns fall@2.500ns period=5.000ns})
  Path Group:             clk
  Path Type:              Setup (Max at Slow Process Corner)
  Requirement:            5.000ns  (clk rise@5.000ns - clk rise@0.000ns)
  Data Path Delay:        2.733ns  (logic 2.733ns (100.000%)  route 0.000ns (0.000%))
  Logic Levels:           6  (DSP_ALU=1 DSP_M_DATA=1 DSP_MULTIPLIER=1 DSP_PREADD=1 DSP_PREADD_DATA=2)
  Clock Path Skew:        -0.022ns (DCD - SCD + CPR)
    Destination Clock Delay (DCD):    0.055ns = ( 5.055 - 5.000 ) 
    Source Clock Delay      (SCD):    0.077ns
    Clock Pessimism Removal (CPR):    0.000ns
  Clock Uncertainty:      0.035ns  ((TSJ^2 + TIJ^2)^1/2 + DJ) / 2 + PE
    Total System Jitter     (TSJ):    0.071ns
    Total Input Jitter      (TIJ):    0.000ns
    Discrete Jitter          (DJ):    0.000ns
    Phase Error              (PE):    0.000ns

    Location             Delay type                Incr(ns)  Path(ns)    Netlist Resource(s)
  -------------------------------------------------------------------    -------------------
                         (clock clk rise edge)        0.000     0.000 r  
                                                      0.000     0.000 r  clk (IN)
                         net (fo=3372, unset)         0.077     0.077    dut/u_arr/g_row[0].g_col[0].u_pe/u_dsp/CLK
                         DSP_A_B_DATA                                 r  dut/u_arr/g_row[0].g_col[0].u_pe/u_dsp/DSP_A_B_DATA_INST/CLK
  -------------------------------------------------------------------    -------------------
                         DSP_A_B_DATA (Prop_DSP_A_B_DATA_CLK_A2_DATA[16])
                                                      0.302     0.379 f  dut/u_arr/g_row[0].g_col[0].u_pe/u_dsp/DSP_A_B_DATA_INST/A2_DATA[16]
                         net (fo=1, unplaced)         0.000     0.379    dut/u_arr/g_row[0].g_col[0].u_pe/u_dsp/DSP_A_B_DATA.A2_DATA<16>
                         DSP_PREADD_DATA (Prop_DSP_PREADD_DATA_A2_DATA[16]_PREADD_AB[16])
                                                      0.185     0.564 r  dut/u_arr/g_row[0].g_col[0].u_pe/u_dsp/DSP_PREADD_DATA_INST/PREADD_AB[16]
                         net (fo=1, unplaced)         0.000     0.564    dut/u_arr/g_row[0].g_col[0].u_pe/u_dsp/DSP_PREADD_DATA.PREADD_AB<16>
                         DSP_PREADD (Prop_DSP_PREADD_PREADD_AB[16]_AD[16])
                                                      0.609     1.173 f  dut/u_arr/g_row[0].g_col[0].u_pe/u_dsp/DSP_PREADD_INST/AD[16]
                         net (fo=1, unplaced)         0.000     1.173    dut/u_arr/g_row[0].g_col[0].u_pe/u_dsp/DSP_PREADD.AD<16>
                         DSP_PREADD_DATA (Prop_DSP_PREADD_DATA_AD[16]_AD_DATA[16])
                                                      0.065     1.238 r  dut/u_arr/g_row[0].g_col[0].u_pe/u_dsp/DSP_PREADD_DATA_INST/AD_DATA[16]
                         net (fo=1, unplaced)         0.000     1.238    dut/u_arr/g_row[0].g_col[0].u_pe/u_dsp/DSP_PREADD_DATA.AD_DATA<16>
                         DSP_MULTIPLIER (Prop_DSP_MULTIPLIER_AD_DATA[16]_U[17])
                                                      0.778     2.016 f  dut/u_arr/g_row[0].g_col[0].u_pe/u_dsp/DSP_MULTIPLIER_INST/U[17]
                         net (fo=1, unplaced)         0.000     2.016    dut/u_arr/g_row[0].g_col[0].u_pe/u_dsp/DSP_MULTIPLIER.U<17>
                         DSP_M_DATA (Prop_DSP_M_DATA_U[17]_U_DATA[17])
                                                      0.067     2.083 r  dut/u_arr/g_row[0].g_col[0].u_pe/u_dsp/DSP_M_DATA_INST/U_DATA[17]
                         net (fo=1, unplaced)         0.000     2.083    dut/u_arr/g_row[0].g_col[0].u_pe/u_dsp/DSP_M_DATA.U_DATA<17>
                         DSP_ALU (Prop_DSP_ALU_U_DATA[17]_ALU_OUT[17])
                                                      0.727     2.810 r  dut/u_arr/g_row[0].g_col[0].u_pe/u_dsp/DSP_ALU_INST/ALU_OUT[17]
                         net (fo=1, unplaced)         0.000     2.810    dut/u_arr/g_row[0].g_col[0].u_pe/u_dsp/DSP_ALU.ALU_OUT<17>
                         DSP_OUTPUT                                   r  dut/u_arr/g_row[0].g_col[0].u_pe/u_dsp/DSP_OUTPUT_INST/ALU_OUT[17]
  -------------------------------------------------------------------    -------------------

                         (clock clk rise edge)        5.000     5.000 r  
                                                      0.000     5.000 r  clk (IN)
                         net (fo=3372, unset)         0.055     5.055    dut/u_arr/g_row[0].g_col[0].u_pe/u_dsp/CLK
                         DSP_OUTPUT                                   r  dut/u_arr/g_row[0].g_col[0].u_pe/u_dsp/DSP_OUTPUT_INST/CLK
                         clock pessimism              0.000     5.055    
                         clock uncertainty           -0.035     5.020    
                         DSP_OUTPUT (Setup_DSP_OUTPUT_CLK_ALU_OUT[17])
                                                      0.014     5.034    dut/u_arr/g_row[0].g_col[0].u_pe/u_dsp/DSP_OUTPUT_INST
  -------------------------------------------------------------------
                         required time                          5.034    
                         arrival time                          -2.810    
  -------------------------------------------------------------------
                         slack                                  2.224    

Slack (MET) :             2.224ns  (required time - arrival time)
  Source:                 dut/u_arr/g_row[0].g_col[0].u_pe/u_dsp/DSP_A_B_DATA_INST/CLK
                            (rising edge-triggered cell DSP_A_B_DATA clocked by clk  {rise@0.000ns fall@2.500ns period=5.000ns})
  Destination:            dut/u_arr/g_row[0].g_col[0].u_pe/u_dsp/DSP_OUTPUT_INST/ALU_OUT[18]
                            (rising edge-triggered cell DSP_OUTPUT clocked by clk  {rise@0.000ns fall@2.500ns period=5.000ns})
  Path Group:             clk
  Path Type:              Setup (Max at Slow Process Corner)
  Requirement:            5.000ns  (clk rise@5.000ns - clk rise@0.000ns)
  Data Path Delay:        2.733ns  (logic 2.733ns (100.000%)  route 0.000ns (0.000%))
  Logic Levels:           6  (DSP_ALU=1 DSP_M_DATA=1 DSP_MULTIPLIER=1 DSP_PREADD=1 DSP_PREADD_DATA=2)
  Clock Path Skew:        -0.022ns (DCD - SCD + CPR)
    Destination Clock Delay (DCD):    0.055ns = ( 5.055 - 5.000 ) 
    Source Clock Delay      (SCD):    0.077ns
    Clock Pessimism Removal (CPR):    0.000ns
  Clock Uncertainty:      0.035ns  ((TSJ^2 + TIJ^2)^1/2 + DJ) / 2 + PE
    Total System Jitter     (TSJ):    0.071ns
    Total Input Jitter      (TIJ):    0.000ns
    Discrete Jitter          (DJ):    0.000ns
    Phase Error              (PE):    0.000ns

    Location             Delay type                Incr(ns)  Path(ns)    Netlist Resource(s)
  -------------------------------------------------------------------    -------------------
                         (clock clk rise edge)        0.000     0.000 r  
                                                      0.000     0.000 r  clk (IN)
                         net (fo=3372, unset)         0.077     0.077    dut/u_arr/g_row[0].g_col[0].u_pe/u_dsp/CLK
                         DSP_A_B_DATA                                 r  dut/u_arr/g_row[0].g_col[0].u_pe/u_dsp/DSP_A_B_DATA_INST/CLK
  -------------------------------------------------------------------    -------------------
                         DSP_A_B_DATA (Prop_DSP_A_B_DATA_CLK_A2_DATA[17])
                                                      0.302     0.379 f  dut/u_arr/g_row[0].g_col[0].u_pe/u_dsp/DSP_A_B_DATA_INST/A2_DATA[17]
                         net (fo=1, unplaced)         0.000     0.379    dut/u_arr/g_row[0].g_col[0].u_pe/u_dsp/DSP_A_B_DATA.A2_DATA<17>
                         DSP_PREADD_DATA (Prop_DSP_PREADD_DATA_A2_DATA[17]_PREADD_AB[17])
                                                      0.185     0.564 r  dut/u_arr/g_row[0].g_col[0].u_pe/u_dsp/DSP_PREADD_DATA_INST/PREADD_AB[17]
                         net (fo=1, unplaced)         0.000     0.564    dut/u_arr/g_row[0].g_col[0].u_pe/u_dsp/DSP_PREADD_DATA.PREADD_AB<17>
                         DSP_PREADD (Prop_DSP_PREADD_PREADD_AB[17]_AD[17])
                                                      0.609     1.173 f  dut/u_arr/g_row[0].g_col[0].u_pe/u_dsp/DSP_PREADD_INST/AD[17]
                         net (fo=1, unplaced)         0.000     1.173    dut/u_arr/g_row[0].g_col[0].u_pe/u_dsp/DSP_PREADD.AD<17>
                         DSP_PREADD_DATA (Prop_DSP_PREADD_DATA_AD[17]_AD_DATA[17])
                                                      0.065     1.238 r  dut/u_arr/g_row[0].g_col[0].u_pe/u_dsp/DSP_PREADD_DATA_INST/AD_DATA[17]
                         net (fo=1, unplaced)         0.000     1.238    dut/u_arr/g_row[0].g_col[0].u_pe/u_dsp/DSP_PREADD_DATA.AD_DATA<17>
                         DSP_MULTIPLIER (Prop_DSP_MULTIPLIER_AD_DATA[17]_U[18])
                                                      0.778     2.016 f  dut/u_arr/g_row[0].g_col[0].u_pe/u_dsp/DSP_MULTIPLIER_INST/U[18]
                         net (fo=1, unplaced)         0.000     2.016    dut/u_arr/g_row[0].g_col[0].u_pe/u_dsp/DSP_MULTIPLIER.U<18>
                         DSP_M_DATA (Prop_DSP_M_DATA_U[18]_U_DATA[18])
                                                      0.067     2.083 r  dut/u_arr/g_row[0].g_col[0].u_pe/u_dsp/DSP_M_DATA_INST/U_DATA[18]
                         net (fo=1, unplaced)         0.000     2.083    dut/u_arr/g_row[0].g_col[0].u_pe/u_dsp/DSP_M_DATA.U_DATA<18>
                         DSP_ALU (Prop_DSP_ALU_U_DATA[18]_ALU_OUT[18])
                                                      0.727     2.810 r  dut/u_arr/g_row[0].g_col[0].u_pe/u_dsp/DSP_ALU_INST/ALU_OUT[18]
                         net (fo=1, unplaced)         0.000     2.810    dut/u_arr/g_row[0].g_col[0].u_pe/u_dsp/DSP_ALU.ALU_OUT<18>
                         DSP_OUTPUT                                   r  dut/u_arr/g_row[0].g_col[0].u_pe/u_dsp/DSP_OUTPUT_INST/ALU_OUT[18]
  -------------------------------------------------------------------    -------------------

                         (clock clk rise edge)        5.000     5.000 r  
                                                      0.000     5.000 r  clk (IN)
                         net (fo=3372, unset)         0.055     5.055    dut/u_arr/g_row[0].g_col[0].u_pe/u_dsp/CLK
                         DSP_OUTPUT                                   r  dut/u_arr/g_row[0].g_col[0].u_pe/u_dsp/DSP_OUTPUT_INST/CLK
                         clock pessimism              0.000     5.055    
                         clock uncertainty           -0.035     5.020    
                         DSP_OUTPUT (Setup_DSP_OUTPUT_CLK_ALU_OUT[18])
                                                      0.014     5.034    dut/u_arr/g_row[0].g_col[0].u_pe/u_dsp/DSP_OUTPUT_INST
  -------------------------------------------------------------------
                         required time                          5.034    
                         arrival time                          -2.810    
  -------------------------------------------------------------------
                         slack                                  2.224    

Slack (MET) :             2.224ns  (required time - arrival time)
  Source:                 dut/u_arr/g_row[0].g_col[0].u_pe/u_dsp/DSP_A_B_DATA_INST/CLK
                            (rising edge-triggered cell DSP_A_B_DATA clocked by clk  {rise@0.000ns fall@2.500ns period=5.000ns})
  Destination:            dut/u_arr/g_row[0].g_col[0].u_pe/u_dsp/DSP_OUTPUT_INST/ALU_OUT[19]
                            (rising edge-triggered cell DSP_OUTPUT clocked by clk  {rise@0.000ns fall@2.500ns period=5.000ns})
  Path Group:             clk
  Path Type:              Setup (Max at Slow Process Corner)
  Requirement:            5.000ns  (clk rise@5.000ns - clk rise@0.000ns)
  Data Path Delay:        2.733ns  (logic 2.733ns (100.000%)  route 0.000ns (0.000%))
  Logic Levels:           6  (DSP_ALU=1 DSP_M_DATA=1 DSP_MULTIPLIER=1 DSP_PREADD=1 DSP_PREADD_DATA=2)
  Clock Path Skew:        -0.022ns (DCD - SCD + CPR)
    Destination Clock Delay (DCD):    0.055ns = ( 5.055 - 5.000 ) 
    Source Clock Delay      (SCD):    0.077ns
    Clock Pessimism Removal (CPR):    0.000ns
  Clock Uncertainty:      0.035ns  ((TSJ^2 + TIJ^2)^1/2 + DJ) / 2 + PE
    Total System Jitter     (TSJ):    0.071ns
    Total Input Jitter      (TIJ):    0.000ns
    Discrete Jitter          (DJ):    0.000ns
    Phase Error              (PE):    0.000ns

    Location             Delay type                Incr(ns)  Path(ns)    Netlist Resource(s)
  -------------------------------------------------------------------    -------------------
                         (clock clk rise edge)        0.000     0.000 r  
                                                      0.000     0.000 r  clk (IN)
                         net (fo=3372, unset)         0.077     0.077    dut/u_arr/g_row[0].g_col[0].u_pe/u_dsp/CLK
                         DSP_A_B_DATA                                 r  dut/u_arr/g_row[0].g_col[0].u_pe/u_dsp/DSP_A_B_DATA_INST/CLK
  -------------------------------------------------------------------    -------------------
                         DSP_A_B_DATA (Prop_DSP_A_B_DATA_CLK_A2_DATA[18])
                                                      0.302     0.379 f  dut/u_arr/g_row[0].g_col[0].u_pe/u_dsp/DSP_A_B_DATA_INST/A2_DATA[18]
                         net (fo=1, unplaced)         0.000     0.379    dut/u_arr/g_row[0].g_col[0].u_pe/u_dsp/DSP_A_B_DATA.A2_DATA<18>
                         DSP_PREADD_DATA (Prop_DSP_PREADD_DATA_A2_DATA[18]_PREADD_AB[18])
                                                      0.185     0.564 r  dut/u_arr/g_row[0].g_col[0].u_pe/u_dsp/DSP_PREADD_DATA_INST/PREADD_AB[18]
                         net (fo=1, unplaced)         0.000     0.564    dut/u_arr/g_row[0].g_col[0].u_pe/u_dsp/DSP_PREADD_DATA.PREADD_AB<18>
                         DSP_PREADD (Prop_DSP_PREADD_PREADD_AB[18]_AD[18])
                                                      0.609     1.173 f  dut/u_arr/g_row[0].g_col[0].u_pe/u_dsp/DSP_PREADD_INST/AD[18]
                         net (fo=1, unplaced)         0.000     1.173    dut/u_arr/g_row[0].g_col[0].u_pe/u_dsp/DSP_PREADD.AD<18>
                         DSP_PREADD_DATA (Prop_DSP_PREADD_DATA_AD[18]_AD_DATA[18])
                                                      0.065     1.238 r  dut/u_arr/g_row[0].g_col[0].u_pe/u_dsp/DSP_PREADD_DATA_INST/AD_DATA[18]
                         net (fo=1, unplaced)         0.000     1.238    dut/u_arr/g_row[0].g_col[0].u_pe/u_dsp/DSP_PREADD_DATA.AD_DATA<18>
                         DSP_MULTIPLIER (Prop_DSP_MULTIPLIER_AD_DATA[18]_U[19])
                                                      0.778     2.016 f  dut/u_arr/g_row[0].g_col[0].u_pe/u_dsp/DSP_MULTIPLIER_INST/U[19]
                         net (fo=1, unplaced)         0.000     2.016    dut/u_arr/g_row[0].g_col[0].u_pe/u_dsp/DSP_MULTIPLIER.U<19>
                         DSP_M_DATA (Prop_DSP_M_DATA_U[19]_U_DATA[19])
                                                      0.067     2.083 r  dut/u_arr/g_row[0].g_col[0].u_pe/u_dsp/DSP_M_DATA_INST/U_DATA[19]
                         net (fo=1, unplaced)         0.000     2.083    dut/u_arr/g_row[0].g_col[0].u_pe/u_dsp/DSP_M_DATA.U_DATA<19>
                         DSP_ALU (Prop_DSP_ALU_U_DATA[19]_ALU_OUT[19])
                                                      0.727     2.810 r  dut/u_arr/g_row[0].g_col[0].u_pe/u_dsp/DSP_ALU_INST/ALU_OUT[19]
                         net (fo=1, unplaced)         0.000     2.810    dut/u_arr/g_row[0].g_col[0].u_pe/u_dsp/DSP_ALU.ALU_OUT<19>
                         DSP_OUTPUT                                   r  dut/u_arr/g_row[0].g_col[0].u_pe/u_dsp/DSP_OUTPUT_INST/ALU_OUT[19]
  -------------------------------------------------------------------    -------------------

                         (clock clk rise edge)        5.000     5.000 r  
                                                      0.000     5.000 r  clk (IN)
                         net (fo=3372, unset)         0.055     5.055    dut/u_arr/g_row[0].g_col[0].u_pe/u_dsp/CLK
                         DSP_OUTPUT                                   r  dut/u_arr/g_row[0].g_col[0].u_pe/u_dsp/DSP_OUTPUT_INST/CLK
                         clock pessimism              0.000     5.055    
                         clock uncertainty           -0.035     5.020    
                         DSP_OUTPUT (Setup_DSP_OUTPUT_CLK_ALU_OUT[19])
                                                      0.014     5.034    dut/u_arr/g_row[0].g_col[0].u_pe/u_dsp/DSP_OUTPUT_INST
  -------------------------------------------------------------------
                         required time                          5.034    
                         arrival time                          -2.810    
  -------------------------------------------------------------------
                         slack                                  2.224    





Min Delay Paths
--------------------------------------------------------------------------------------
Slack (MET) :             0.079ns  (arrival time - required time)
  Source:                 dut/u_arr/g_row[0].g_col[0].u_pe/u_dsp/DSP_ALU_INST/CLK
                            (rising edge-triggered cell DSP_ALU clocked by clk  {rise@0.000ns fall@2.500ns period=5.000ns})
  Destination:            dut/u_arr/g_row[0].g_col[0].u_pe/u_dsp/DSP_OUTPUT_INST/ALU_OUT[0]
                            (rising edge-triggered cell DSP_OUTPUT clocked by clk  {rise@0.000ns fall@2.500ns period=5.000ns})
  Path Group:             clk
  Path Type:              Hold (Min at Fast Process Corner)
  Requirement:            0.000ns  (clk rise@0.000ns - clk rise@0.000ns)
  Data Path Delay:        0.149ns  (logic 0.149ns (100.000%)  route 0.000ns (0.000%))
  Logic Levels:           0  
  Clock Path Skew:        0.008ns (DCD - SCD - CPR)
    Destination Clock Delay (DCD):    0.042ns
    Source Clock Delay      (SCD):    0.034ns
    Clock Pessimism Removal (CPR):    -0.000ns

    Location             Delay type                Incr(ns)  Path(ns)    Netlist Resource(s)
  -------------------------------------------------------------------    -------------------
                         (clock clk rise edge)        0.000     0.000 r  
                                                      0.000     0.000 r  clk (IN)
                         net (fo=3372, unset)         0.034     0.034    dut/u_arr/g_row[0].g_col[0].u_pe/u_dsp/CLK
                         DSP_ALU                                      r  dut/u_arr/g_row[0].g_col[0].u_pe/u_dsp/DSP_ALU_INST/CLK
  -------------------------------------------------------------------    -------------------
                         DSP_ALU (Prop_DSP_ALU_CLK_ALU_OUT[0])
                                                      0.149     0.183 r  dut/u_arr/g_row[0].g_col[0].u_pe/u_dsp/DSP_ALU_INST/ALU_OUT[0]
                         net (fo=1, unplaced)         0.000     0.183    dut/u_arr/g_row[0].g_col[0].u_pe/u_dsp/DSP_ALU.ALU_OUT<0>
                         DSP_OUTPUT                                   r  dut/u_arr/g_row[0].g_col[0].u_pe/u_dsp/DSP_OUTPUT_INST/ALU_OUT[0]
  -------------------------------------------------------------------    -------------------

                         (clock clk rise edge)        0.000     0.000 r  
                                                      0.000     0.000 r  clk (IN)
                         net (fo=3372, unset)         0.042     0.042    dut/u_arr/g_row[0].g_col[0].u_pe/u_dsp/CLK
                         DSP_OUTPUT                                   r  dut/u_arr/g_row[0].g_col[0].u_pe/u_dsp/DSP_OUTPUT_INST/CLK
                         clock pessimism              0.000     0.042    
                         DSP_OUTPUT (Hold_DSP_OUTPUT_CLK_ALU_OUT[0])
                                                      0.062     0.104    dut/u_arr/g_row[0].g_col[0].u_pe/u_dsp/DSP_OUTPUT_INST
  -------------------------------------------------------------------
                         required time                         -0.104    
                         arrival time                           0.183    
  -------------------------------------------------------------------
                         slack                                  0.079    

Slack (MET) :             0.079ns  (arrival time - required time)
  Source:                 dut/u_arr/g_row[0].g_col[0].u_pe/u_dsp/DSP_ALU_INST/CLK
                            (rising edge-triggered cell DSP_ALU clocked by clk  {rise@0.000ns fall@2.500ns period=5.000ns})
  Destination:            dut/u_arr/g_row[0].g_col[0].u_pe/u_dsp/DSP_OUTPUT_INST/ALU_OUT[10]
                            (rising edge-triggered cell DSP_OUTPUT clocked by clk  {rise@0.000ns fall@2.500ns period=5.000ns})
  Path Group:             clk
  Path Type:              Hold (Min at Fast Process Corner)
  Requirement:            0.000ns  (clk rise@0.000ns - clk rise@0.000ns)
  Data Path Delay:        0.149ns  (logic 0.149ns (100.000%)  route 0.000ns (0.000%))
  Logic Levels:           0  
  Clock Path Skew:        0.008ns (DCD - SCD - CPR)
    Destination Clock Delay (DCD):    0.042ns
    Source Clock Delay      (SCD):    0.034ns
    Clock Pessimism Removal (CPR):    -0.000ns

    Location             Delay type                Incr(ns)  Path(ns)    Netlist Resource(s)
  -------------------------------------------------------------------    -------------------
                         (clock clk rise edge)        0.000     0.000 r  
                                                      0.000     0.000 r  clk (IN)
                         net (fo=3372, unset)         0.034     0.034    dut/u_arr/g_row[0].g_col[0].u_pe/u_dsp/CLK
                         DSP_ALU                                      r  dut/u_arr/g_row[0].g_col[0].u_pe/u_dsp/DSP_ALU_INST/CLK
  -------------------------------------------------------------------    -------------------
                         DSP_ALU (Prop_DSP_ALU_CLK_ALU_OUT[10])
                                                      0.149     0.183 r  dut/u_arr/g_row[0].g_col[0].u_pe/u_dsp/DSP_ALU_INST/ALU_OUT[10]
                         net (fo=1, unplaced)         0.000     0.183    dut/u_arr/g_row[0].g_col[0].u_pe/u_dsp/DSP_ALU.ALU_OUT<10>
                         DSP_OUTPUT                                   r  dut/u_arr/g_row[0].g_col[0].u_pe/u_dsp/DSP_OUTPUT_INST/ALU_OUT[10]
  -------------------------------------------------------------------    -------------------

                         (clock clk rise edge)        0.000     0.000 r  
                                                      0.000     0.000 r  clk (IN)
                         net (fo=3372, unset)         0.042     0.042    dut/u_arr/g_row[0].g_col[0].u_pe/u_dsp/CLK
                         DSP_OUTPUT                                   r  dut/u_arr/g_row[0].g_col[0].u_pe/u_dsp/DSP_OUTPUT_INST/CLK
                         clock pessimism              0.000     0.042    
                         DSP_OUTPUT (Hold_DSP_OUTPUT_CLK_ALU_OUT[10])
                                                      0.062     0.104    dut/u_arr/g_row[0].g_col[0].u_pe/u_dsp/DSP_OUTPUT_INST
  -------------------------------------------------------------------
                         required time                         -0.104    
                         arrival time                           0.183    
  -------------------------------------------------------------------
                         slack                                  0.079    

Slack (MET) :             0.079ns  (arrival time - required time)
  Source:                 dut/u_arr/g_row[0].g_col[0].u_pe/u_dsp/DSP_ALU_INST/CLK
                            (rising edge-triggered cell DSP_ALU clocked by clk  {rise@0.000ns fall@2.500ns period=5.000ns})
  Destination:            dut/u_arr/g_row[0].g_col[0].u_pe/u_dsp/DSP_OUTPUT_INST/ALU_OUT[11]
                            (rising edge-triggered cell DSP_OUTPUT clocked by clk  {rise@0.000ns fall@2.500ns period=5.000ns})
  Path Group:             clk
  Path Type:              Hold (Min at Fast Process Corner)
  Requirement:            0.000ns  (clk rise@0.000ns - clk rise@0.000ns)
  Data Path Delay:        0.149ns  (logic 0.149ns (100.000%)  route 0.000ns (0.000%))
  Logic Levels:           0  
  Clock Path Skew:        0.008ns (DCD - SCD - CPR)
    Destination Clock Delay (DCD):    0.042ns
    Source Clock Delay      (SCD):    0.034ns
    Clock Pessimism Removal (CPR):    -0.000ns

    Location             Delay type                Incr(ns)  Path(ns)    Netlist Resource(s)
  -------------------------------------------------------------------    -------------------
                         (clock clk rise edge)        0.000     0.000 r  
                                                      0.000     0.000 r  clk (IN)
                         net (fo=3372, unset)         0.034     0.034    dut/u_arr/g_row[0].g_col[0].u_pe/u_dsp/CLK
                         DSP_ALU                                      r  dut/u_arr/g_row[0].g_col[0].u_pe/u_dsp/DSP_ALU_INST/CLK
  -------------------------------------------------------------------    -------------------
                         DSP_ALU (Prop_DSP_ALU_CLK_ALU_OUT[11])
                                                      0.149     0.183 r  dut/u_arr/g_row[0].g_col[0].u_pe/u_dsp/DSP_ALU_INST/ALU_OUT[11]
                         net (fo=1, unplaced)         0.000     0.183    dut/u_arr/g_row[0].g_col[0].u_pe/u_dsp/DSP_ALU.ALU_OUT<11>
                         DSP_OUTPUT                                   r  dut/u_arr/g_row[0].g_col[0].u_pe/u_dsp/DSP_OUTPUT_INST/ALU_OUT[11]
  -------------------------------------------------------------------    -------------------

                         (clock clk rise edge)        0.000     0.000 r  
                                                      0.000     0.000 r  clk (IN)
                         net (fo=3372, unset)         0.042     0.042    dut/u_arr/g_row[0].g_col[0].u_pe/u_dsp/CLK
                         DSP_OUTPUT                                   r  dut/u_arr/g_row[0].g_col[0].u_pe/u_dsp/DSP_OUTPUT_INST/CLK
                         clock pessimism              0.000     0.042    
                         DSP_OUTPUT (Hold_DSP_OUTPUT_CLK_ALU_OUT[11])
                                                      0.062     0.104    dut/u_arr/g_row[0].g_col[0].u_pe/u_dsp/DSP_OUTPUT_INST
  -------------------------------------------------------------------
                         required time                         -0.104    
                         arrival time                           0.183    
  -------------------------------------------------------------------
                         slack                                  0.079    

Slack (MET) :             0.079ns  (arrival time - required time)
  Source:                 dut/u_arr/g_row[0].g_col[0].u_pe/u_dsp/DSP_ALU_INST/CLK
                            (rising edge-triggered cell DSP_ALU clocked by clk  {rise@0.000ns fall@2.500ns period=5.000ns})
  Destination:            dut/u_arr/g_row[0].g_col[0].u_pe/u_dsp/DSP_OUTPUT_INST/ALU_OUT[12]
                            (rising edge-triggered cell DSP_OUTPUT clocked by clk  {rise@0.000ns fall@2.500ns period=5.000ns})
  Path Group:             clk
  Path Type:              Hold (Min at Fast Process Corner)
  Requirement:            0.000ns  (clk rise@0.000ns - clk rise@0.000ns)
  Data Path Delay:        0.149ns  (logic 0.149ns (100.000%)  route 0.000ns (0.000%))
  Logic Levels:           0  
  Clock Path Skew:        0.008ns (DCD - SCD - CPR)
    Destination Clock Delay (DCD):    0.042ns
    Source Clock Delay      (SCD):    0.034ns
    Clock Pessimism Removal (CPR):    -0.000ns

    Location             Delay type                Incr(ns)  Path(ns)    Netlist Resource(s)
  -------------------------------------------------------------------    -------------------
                         (clock clk rise edge)        0.000     0.000 r  
                                                      0.000     0.000 r  clk (IN)
                         net (fo=3372, unset)         0.034     0.034    dut/u_arr/g_row[0].g_col[0].u_pe/u_dsp/CLK
                         DSP_ALU                                      r  dut/u_arr/g_row[0].g_col[0].u_pe/u_dsp/DSP_ALU_INST/CLK
  -------------------------------------------------------------------    -------------------
                         DSP_ALU (Prop_DSP_ALU_CLK_ALU_OUT[12])
                                                      0.149     0.183 r  dut/u_arr/g_row[0].g_col[0].u_pe/u_dsp/DSP_ALU_INST/ALU_OUT[12]
                         net (fo=1, unplaced)         0.000     0.183    dut/u_arr/g_row[0].g_col[0].u_pe/u_dsp/DSP_ALU.ALU_OUT<12>
                         DSP_OUTPUT                                   r  dut/u_arr/g_row[0].g_col[0].u_pe/u_dsp/DSP_OUTPUT_INST/ALU_OUT[12]
  -------------------------------------------------------------------    -------------------

                         (clock clk rise edge)        0.000     0.000 r  
                                                      0.000     0.000 r  clk (IN)
                         net (fo=3372, unset)         0.042     0.042    dut/u_arr/g_row[0].g_col[0].u_pe/u_dsp/CLK
                         DSP_OUTPUT                                   r  dut/u_arr/g_row[0].g_col[0].u_pe/u_dsp/DSP_OUTPUT_INST/CLK
                         clock pessimism              0.000     0.042    
                         DSP_OUTPUT (Hold_DSP_OUTPUT_CLK_ALU_OUT[12])
                                                      0.062     0.104    dut/u_arr/g_row[0].g_col[0].u_pe/u_dsp/DSP_OUTPUT_INST
  -------------------------------------------------------------------
                         required time                         -0.104    
                         arrival time                           0.183    
  -------------------------------------------------------------------
                         slack                                  0.079    

Slack (MET) :             0.079ns  (arrival time - required time)
  Source:                 dut/u_arr/g_row[0].g_col[0].u_pe/u_dsp/DSP_ALU_INST/CLK
                            (rising edge-triggered cell DSP_ALU clocked by clk  {rise@0.000ns fall@2.500ns period=5.000ns})
  Destination:            dut/u_arr/g_row[0].g_col[0].u_pe/u_dsp/DSP_OUTPUT_INST/ALU_OUT[13]
                            (rising edge-triggered cell DSP_OUTPUT clocked by clk  {rise@0.000ns fall@2.500ns period=5.000ns})
  Path Group:             clk
  Path Type:              Hold (Min at Fast Process Corner)
  Requirement:            0.000ns  (clk rise@0.000ns - clk rise@0.000ns)
  Data Path Delay:        0.149ns  (logic 0.149ns (100.000%)  route 0.000ns (0.000%))
  Logic Levels:           0  
  Clock Path Skew:        0.008ns (DCD - SCD - CPR)
    Destination Clock Delay (DCD):    0.042ns
    Source Clock Delay      (SCD):    0.034ns
    Clock Pessimism Removal (CPR):    -0.000ns

    Location             Delay type                Incr(ns)  Path(ns)    Netlist Resource(s)
  -------------------------------------------------------------------    -------------------
                         (clock clk rise edge)        0.000     0.000 r  
                                                      0.000     0.000 r  clk (IN)
                         net (fo=3372, unset)         0.034     0.034    dut/u_arr/g_row[0].g_col[0].u_pe/u_dsp/CLK
                         DSP_ALU                                      r  dut/u_arr/g_row[0].g_col[0].u_pe/u_dsp/DSP_ALU_INST/CLK
  -------------------------------------------------------------------    -------------------
                         DSP_ALU (Prop_DSP_ALU_CLK_ALU_OUT[13])
                                                      0.149     0.183 r  dut/u_arr/g_row[0].g_col[0].u_pe/u_dsp/DSP_ALU_INST/ALU_OUT[13]
                         net (fo=1, unplaced)         0.000     0.183    dut/u_arr/g_row[0].g_col[0].u_pe/u_dsp/DSP_ALU.ALU_OUT<13>
                         DSP_OUTPUT                                   r  dut/u_arr/g_row[0].g_col[0].u_pe/u_dsp/DSP_OUTPUT_INST/ALU_OUT[13]
  -------------------------------------------------------------------    -------------------

                         (clock clk rise edge)        0.000     0.000 r  
                                                      0.000     0.000 r  clk (IN)
                         net (fo=3372, unset)         0.042     0.042    dut/u_arr/g_row[0].g_col[0].u_pe/u_dsp/CLK
                         DSP_OUTPUT                                   r  dut/u_arr/g_row[0].g_col[0].u_pe/u_dsp/DSP_OUTPUT_INST/CLK
                         clock pessimism              0.000     0.042    
                         DSP_OUTPUT (Hold_DSP_OUTPUT_CLK_ALU_OUT[13])
                                                      0.062     0.104    dut/u_arr/g_row[0].g_col[0].u_pe/u_dsp/DSP_OUTPUT_INST
  -------------------------------------------------------------------
                         required time                         -0.104    
                         arrival time                           0.183    
  -------------------------------------------------------------------
                         slack                                  0.079    

Slack (MET) :             0.079ns  (arrival time - required time)
  Source:                 dut/u_arr/g_row[0].g_col[0].u_pe/u_dsp/DSP_ALU_INST/CLK
                            (rising edge-triggered cell DSP_ALU clocked by clk  {rise@0.000ns fall@2.500ns period=5.000ns})
  Destination:            dut/u_arr/g_row[0].g_col[0].u_pe/u_dsp/DSP_OUTPUT_INST/ALU_OUT[14]
                            (rising edge-triggered cell DSP_OUTPUT clocked by clk  {rise@0.000ns fall@2.500ns period=5.000ns})
  Path Group:             clk
  Path Type:              Hold (Min at Fast Process Corner)
  Requirement:            0.000ns  (clk rise@0.000ns - clk rise@0.000ns)
  Data Path Delay:        0.149ns  (logic 0.149ns (100.000%)  route 0.000ns (0.000%))
  Logic Levels:           0  
  Clock Path Skew:        0.008ns (DCD - SCD - CPR)
    Destination Clock Delay (DCD):    0.042ns
    Source Clock Delay      (SCD):    0.034ns
    Clock Pessimism Removal (CPR):    -0.000ns

    Location             Delay type                Incr(ns)  Path(ns)    Netlist Resource(s)
  -------------------------------------------------------------------    -------------------
                         (clock clk rise edge)        0.000     0.000 r  
                                                      0.000     0.000 r  clk (IN)
                         net (fo=3372, unset)         0.034     0.034    dut/u_arr/g_row[0].g_col[0].u_pe/u_dsp/CLK
                         DSP_ALU                                      r  dut/u_arr/g_row[0].g_col[0].u_pe/u_dsp/DSP_ALU_INST/CLK
  -------------------------------------------------------------------    -------------------
                         DSP_ALU (Prop_DSP_ALU_CLK_ALU_OUT[14])
                                                      0.149     0.183 r  dut/u_arr/g_row[0].g_col[0].u_pe/u_dsp/DSP_ALU_INST/ALU_OUT[14]
                         net (fo=1, unplaced)         0.000     0.183    dut/u_arr/g_row[0].g_col[0].u_pe/u_dsp/DSP_ALU.ALU_OUT<14>
                         DSP_OUTPUT                                   r  dut/u_arr/g_row[0].g_col[0].u_pe/u_dsp/DSP_OUTPUT_INST/ALU_OUT[14]
  -------------------------------------------------------------------    -------------------

                         (clock clk rise edge)        0.000     0.000 r  
                                                      0.000     0.000 r  clk (IN)
                         net (fo=3372, unset)         0.042     0.042    dut/u_arr/g_row[0].g_col[0].u_pe/u_dsp/CLK
                         DSP_OUTPUT                                   r  dut/u_arr/g_row[0].g_col[0].u_pe/u_dsp/DSP_OUTPUT_INST/CLK
                         clock pessimism              0.000     0.042    
                         DSP_OUTPUT (Hold_DSP_OUTPUT_CLK_ALU_OUT[14])
                                                      0.062     0.104    dut/u_arr/g_row[0].g_col[0].u_pe/u_dsp/DSP_OUTPUT_INST
  -------------------------------------------------------------------
                         required time                         -0.104    
                         arrival time                           0.183    
  -------------------------------------------------------------------
                         slack                                  0.079    

Slack (MET) :             0.079ns  (arrival time - required time)
  Source:                 dut/u_arr/g_row[0].g_col[0].u_pe/u_dsp/DSP_ALU_INST/CLK
                            (rising edge-triggered cell DSP_ALU clocked by clk  {rise@0.000ns fall@2.500ns period=5.000ns})
  Destination:            dut/u_arr/g_row[0].g_col[0].u_pe/u_dsp/DSP_OUTPUT_INST/ALU_OUT[15]
                            (rising edge-triggered cell DSP_OUTPUT clocked by clk  {rise@0.000ns fall@2.500ns period=5.000ns})
  Path Group:             clk
  Path Type:              Hold (Min at Fast Process Corner)
  Requirement:            0.000ns  (clk rise@0.000ns - clk rise@0.000ns)
  Data Path Delay:        0.149ns  (logic 0.149ns (100.000%)  route 0.000ns (0.000%))
  Logic Levels:           0  
  Clock Path Skew:        0.008ns (DCD - SCD - CPR)
    Destination Clock Delay (DCD):    0.042ns
    Source Clock Delay      (SCD):    0.034ns
    Clock Pessimism Removal (CPR):    -0.000ns

    Location             Delay type                Incr(ns)  Path(ns)    Netlist Resource(s)
  -------------------------------------------------------------------    -------------------
                         (clock clk rise edge)        0.000     0.000 r  
                                                      0.000     0.000 r  clk (IN)
                         net (fo=3372, unset)         0.034     0.034    dut/u_arr/g_row[0].g_col[0].u_pe/u_dsp/CLK
                         DSP_ALU                                      r  dut/u_arr/g_row[0].g_col[0].u_pe/u_dsp/DSP_ALU_INST/CLK
  -------------------------------------------------------------------    -------------------
                         DSP_ALU (Prop_DSP_ALU_CLK_ALU_OUT[15])
                                                      0.149     0.183 r  dut/u_arr/g_row[0].g_col[0].u_pe/u_dsp/DSP_ALU_INST/ALU_OUT[15]
                         net (fo=1, unplaced)         0.000     0.183    dut/u_arr/g_row[0].g_col[0].u_pe/u_dsp/DSP_ALU.ALU_OUT<15>
                         DSP_OUTPUT                                   r  dut/u_arr/g_row[0].g_col[0].u_pe/u_dsp/DSP_OUTPUT_INST/ALU_OUT[15]
  -------------------------------------------------------------------    -------------------

                         (clock clk rise edge)        0.000     0.000 r  
                                                      0.000     0.000 r  clk (IN)
                         net (fo=3372, unset)         0.042     0.042    dut/u_arr/g_row[0].g_col[0].u_pe/u_dsp/CLK
                         DSP_OUTPUT                                   r  dut/u_arr/g_row[0].g_col[0].u_pe/u_dsp/DSP_OUTPUT_INST/CLK
                         clock pessimism              0.000     0.042    
                         DSP_OUTPUT (Hold_DSP_OUTPUT_CLK_ALU_OUT[15])
                                                      0.062     0.104    dut/u_arr/g_row[0].g_col[0].u_pe/u_dsp/DSP_OUTPUT_INST
  -------------------------------------------------------------------
                         required time                         -0.104    
                         arrival time                           0.183    
  -------------------------------------------------------------------
                         slack                                  0.079    

Slack (MET) :             0.079ns  (arrival time - required time)
  Source:                 dut/u_arr/g_row[0].g_col[0].u_pe/u_dsp/DSP_ALU_INST/CLK
                            (rising edge-triggered cell DSP_ALU clocked by clk  {rise@0.000ns fall@2.500ns period=5.000ns})
  Destination:            dut/u_arr/g_row[0].g_col[0].u_pe/u_dsp/DSP_OUTPUT_INST/ALU_OUT[16]
                            (rising edge-triggered cell DSP_OUTPUT clocked by clk  {rise@0.000ns fall@2.500ns period=5.000ns})
  Path Group:             clk
  Path Type:              Hold (Min at Fast Process Corner)
  Requirement:            0.000ns  (clk rise@0.000ns - clk rise@0.000ns)
  Data Path Delay:        0.149ns  (logic 0.149ns (100.000%)  route 0.000ns (0.000%))
  Logic Levels:           0  
  Clock Path Skew:        0.008ns (DCD - SCD - CPR)
    Destination Clock Delay (DCD):    0.042ns
    Source Clock Delay      (SCD):    0.034ns
    Clock Pessimism Removal (CPR):    -0.000ns

    Location             Delay type                Incr(ns)  Path(ns)    Netlist Resource(s)
  -------------------------------------------------------------------    -------------------
                         (clock clk rise edge)        0.000     0.000 r  
                                                      0.000     0.000 r  clk (IN)
                         net (fo=3372, unset)         0.034     0.034    dut/u_arr/g_row[0].g_col[0].u_pe/u_dsp/CLK
                         DSP_ALU                                      r  dut/u_arr/g_row[0].g_col[0].u_pe/u_dsp/DSP_ALU_INST/CLK
  -------------------------------------------------------------------    -------------------
                         DSP_ALU (Prop_DSP_ALU_CLK_ALU_OUT[16])
                                                      0.149     0.183 r  dut/u_arr/g_row[0].g_col[0].u_pe/u_dsp/DSP_ALU_INST/ALU_OUT[16]
                         net (fo=1, unplaced)         0.000     0.183    dut/u_arr/g_row[0].g_col[0].u_pe/u_dsp/DSP_ALU.ALU_OUT<16>
                         DSP_OUTPUT                                   r  dut/u_arr/g_row[0].g_col[0].u_pe/u_dsp/DSP_OUTPUT_INST/ALU_OUT[16]
  -------------------------------------------------------------------    -------------------

                         (clock clk rise edge)        0.000     0.000 r  
                                                      0.000     0.000 r  clk (IN)
                         net (fo=3372, unset)         0.042     0.042    dut/u_arr/g_row[0].g_col[0].u_pe/u_dsp/CLK
                         DSP_OUTPUT                                   r  dut/u_arr/g_row[0].g_col[0].u_pe/u_dsp/DSP_OUTPUT_INST/CLK
                         clock pessimism              0.000     0.042    
                         DSP_OUTPUT (Hold_DSP_OUTPUT_CLK_ALU_OUT[16])
                                                      0.062     0.104    dut/u_arr/g_row[0].g_col[0].u_pe/u_dsp/DSP_OUTPUT_INST
  -------------------------------------------------------------------
                         required time                         -0.104    
                         arrival time                           0.183    
  -------------------------------------------------------------------
                         slack                                  0.079    

Slack (MET) :             0.079ns  (arrival time - required time)
  Source:                 dut/u_arr/g_row[0].g_col[0].u_pe/u_dsp/DSP_ALU_INST/CLK
                            (rising edge-triggered cell DSP_ALU clocked by clk  {rise@0.000ns fall@2.500ns period=5.000ns})
  Destination:            dut/u_arr/g_row[0].g_col[0].u_pe/u_dsp/DSP_OUTPUT_INST/ALU_OUT[17]
                            (rising edge-triggered cell DSP_OUTPUT clocked by clk  {rise@0.000ns fall@2.500ns period=5.000ns})
  Path Group:             clk
  Path Type:              Hold (Min at Fast Process Corner)
  Requirement:            0.000ns  (clk rise@0.000ns - clk rise@0.000ns)
  Data Path Delay:        0.149ns  (logic 0.149ns (100.000%)  route 0.000ns (0.000%))
  Logic Levels:           0  
  Clock Path Skew:        0.008ns (DCD - SCD - CPR)
    Destination Clock Delay (DCD):    0.042ns
    Source Clock Delay      (SCD):    0.034ns
    Clock Pessimism Removal (CPR):    -0.000ns

    Location             Delay type                Incr(ns)  Path(ns)    Netlist Resource(s)
  -------------------------------------------------------------------    -------------------
                         (clock clk rise edge)        0.000     0.000 r  
                                                      0.000     0.000 r  clk (IN)
                         net (fo=3372, unset)         0.034     0.034    dut/u_arr/g_row[0].g_col[0].u_pe/u_dsp/CLK
                         DSP_ALU                                      r  dut/u_arr/g_row[0].g_col[0].u_pe/u_dsp/DSP_ALU_INST/CLK
  -------------------------------------------------------------------    -------------------
                         DSP_ALU (Prop_DSP_ALU_CLK_ALU_OUT[17])
                                                      0.149     0.183 r  dut/u_arr/g_row[0].g_col[0].u_pe/u_dsp/DSP_ALU_INST/ALU_OUT[17]
                         net (fo=1, unplaced)         0.000     0.183    dut/u_arr/g_row[0].g_col[0].u_pe/u_dsp/DSP_ALU.ALU_OUT<17>
                         DSP_OUTPUT                                   r  dut/u_arr/g_row[0].g_col[0].u_pe/u_dsp/DSP_OUTPUT_INST/ALU_OUT[17]
  -------------------------------------------------------------------    -------------------

                         (clock clk rise edge)        0.000     0.000 r  
                                                      0.000     0.000 r  clk (IN)
                         net (fo=3372, unset)         0.042     0.042    dut/u_arr/g_row[0].g_col[0].u_pe/u_dsp/CLK
                         DSP_OUTPUT                                   r  dut/u_arr/g_row[0].g_col[0].u_pe/u_dsp/DSP_OUTPUT_INST/CLK
                         clock pessimism              0.000     0.042    
                         DSP_OUTPUT (Hold_DSP_OUTPUT_CLK_ALU_OUT[17])
                                                      0.062     0.104    dut/u_arr/g_row[0].g_col[0].u_pe/u_dsp/DSP_OUTPUT_INST
  -------------------------------------------------------------------
                         required time                         -0.104    
                         arrival time                           0.183    
  -------------------------------------------------------------------
                         slack                                  0.079    

Slack (MET) :             0.079ns  (arrival time - required time)
  Source:                 dut/u_arr/g_row[0].g_col[0].u_pe/u_dsp/DSP_ALU_INST/CLK
                            (rising edge-triggered cell DSP_ALU clocked by clk  {rise@0.000ns fall@2.500ns period=5.000ns})
  Destination:            dut/u_arr/g_row[0].g_col[0].u_pe/u_dsp/DSP_OUTPUT_INST/ALU_OUT[18]
                            (rising edge-triggered cell DSP_OUTPUT clocked by clk  {rise@0.000ns fall@2.500ns period=5.000ns})
  Path Group:             clk
  Path Type:              Hold (Min at Fast Process Corner)
  Requirement:            0.000ns  (clk rise@0.000ns - clk rise@0.000ns)
  Data Path Delay:        0.149ns  (logic 0.149ns (100.000%)  route 0.000ns (0.000%))
  Logic Levels:           0  
  Clock Path Skew:        0.008ns (DCD - SCD - CPR)
    Destination Clock Delay (DCD):    0.042ns
    Source Clock Delay      (SCD):    0.034ns
    Clock Pessimism Removal (CPR):    -0.000ns

    Location             Delay type                Incr(ns)  Path(ns)    Netlist Resource(s)
  -------------------------------------------------------------------    -------------------
                         (clock clk rise edge)        0.000     0.000 r  
                                                      0.000     0.000 r  clk (IN)
                         net (fo=3372, unset)         0.034     0.034    dut/u_arr/g_row[0].g_col[0].u_pe/u_dsp/CLK
                         DSP_ALU                                      r  dut/u_arr/g_row[0].g_col[0].u_pe/u_dsp/DSP_ALU_INST/CLK
  -------------------------------------------------------------------    -------------------
                         DSP_ALU (Prop_DSP_ALU_CLK_ALU_OUT[18])
                                                      0.149     0.183 r  dut/u_arr/g_row[0].g_col[0].u_pe/u_dsp/DSP_ALU_INST/ALU_OUT[18]
                         net (fo=1, unplaced)         0.000     0.183    dut/u_arr/g_row[0].g_col[0].u_pe/u_dsp/DSP_ALU.ALU_OUT<18>
                         DSP_OUTPUT                                   r  dut/u_arr/g_row[0].g_col[0].u_pe/u_dsp/DSP_OUTPUT_INST/ALU_OUT[18]
  -------------------------------------------------------------------    -------------------

                         (clock clk rise edge)        0.000     0.000 r  
                                                      0.000     0.000 r  clk (IN)
                         net (fo=3372, unset)         0.042     0.042    dut/u_arr/g_row[0].g_col[0].u_pe/u_dsp/CLK
                         DSP_OUTPUT                                   r  dut/u_arr/g_row[0].g_col[0].u_pe/u_dsp/DSP_OUTPUT_INST/CLK
                         clock pessimism              0.000     0.042    
                         DSP_OUTPUT (Hold_DSP_OUTPUT_CLK_ALU_OUT[18])
                                                      0.062     0.104    dut/u_arr/g_row[0].g_col[0].u_pe/u_dsp/DSP_OUTPUT_INST
  -------------------------------------------------------------------
                         required time                         -0.104    
                         arrival time                           0.183    
  -------------------------------------------------------------------
                         slack                                  0.079    





Pulse Width Checks
--------------------------------------------------------------------------------------
Clock Name:         clk
Waveform(ns):       { 0.000 2.500 }
Period(ns):         5.000
Sources:            { clk }

Check Type        Corner  Lib Pin         Reference Pin  Required(ns)  Actual(ns)  Slack(ns)  Location  Pin
Min Period        n/a     DSP_OUTPUT/CLK  n/a            0.850         5.000       4.150                dut/u_arr/g_row[0].g_col[0].u_pe/u_dsp/DSP_OUTPUT_INST/CLK
Min Period        n/a     DSP_OUTPUT/CLK  n/a            0.850         5.000       4.150                dut/u_arr/g_row[0].g_col[10].u_pe/u_dsp/DSP_OUTPUT_INST/CLK
Min Period        n/a     DSP_OUTPUT/CLK  n/a            0.850         5.000       4.150                dut/u_arr/g_row[0].g_col[11].u_pe/u_dsp/DSP_OUTPUT_INST/CLK
Min Period        n/a     DSP_OUTPUT/CLK  n/a            0.850         5.000       4.150                dut/u_arr/g_row[0].g_col[12].u_pe/u_dsp/DSP_OUTPUT_INST/CLK
Min Period        n/a     DSP_OUTPUT/CLK  n/a            0.850         5.000       4.150                dut/u_arr/g_row[0].g_col[13].u_pe/u_dsp/DSP_OUTPUT_INST/CLK
Min Period        n/a     DSP_OUTPUT/CLK  n/a            0.850         5.000       4.150                dut/u_arr/g_row[0].g_col[14].u_pe/u_dsp/DSP_OUTPUT_INST/CLK
Min Period        n/a     DSP_OUTPUT/CLK  n/a            0.850         5.000       4.150                dut/u_arr/g_row[0].g_col[15].u_pe/u_dsp/DSP_OUTPUT_INST/CLK
Min Period        n/a     DSP_OUTPUT/CLK  n/a            0.850         5.000       4.150                dut/u_arr/g_row[0].g_col[1].u_pe/u_dsp/DSP_OUTPUT_INST/CLK
Min Period        n/a     DSP_OUTPUT/CLK  n/a            0.850         5.000       4.150                dut/u_arr/g_row[0].g_col[2].u_pe/u_dsp/DSP_OUTPUT_INST/CLK
Min Period        n/a     DSP_OUTPUT/CLK  n/a            0.850         5.000       4.150                dut/u_arr/g_row[0].g_col[3].u_pe/u_dsp/DSP_OUTPUT_INST/CLK
Low Pulse Width   Slow    FDRE/C          n/a            0.275         2.500       2.225                K_reg[0]/C
Low Pulse Width   Fast    FDRE/C          n/a            0.275         2.500       2.225                K_reg[0]/C
Low Pulse Width   Slow    FDRE/C          n/a            0.275         2.500       2.225                K_reg[1]/C
Low Pulse Width   Fast    FDRE/C          n/a            0.275         2.500       2.225                K_reg[1]/C
Low Pulse Width   Slow    FDRE/C          n/a            0.275         2.500       2.225                K_reg[2]/C
Low Pulse Width   Fast    FDRE/C          n/a            0.275         2.500       2.225                K_reg[2]/C
Low Pulse Width   Slow    FDRE/C          n/a            0.275         2.500       2.225                K_reg[3]/C
Low Pulse Width   Fast    FDRE/C          n/a            0.275         2.500       2.225                K_reg[3]/C
Low Pulse Width   Slow    FDRE/C          n/a            0.275         2.500       2.225                K_reg[4]/C
Low Pulse Width   Fast    FDRE/C          n/a            0.275         2.500       2.225                K_reg[4]/C
High Pulse Width  Slow    FDRE/C          n/a            0.275         2.500       2.225                K_reg[0]/C
High Pulse Width  Fast    FDRE/C          n/a            0.275         2.500       2.225                K_reg[0]/C
High Pulse Width  Slow    FDRE/C          n/a            0.275         2.500       2.225                K_reg[1]/C
High Pulse Width  Fast    FDRE/C          n/a            0.275         2.500       2.225                K_reg[1]/C
High Pulse Width  Slow    FDRE/C          n/a            0.275         2.500       2.225                K_reg[2]/C
High Pulse Width  Fast    FDRE/C          n/a            0.275         2.500       2.225                K_reg[2]/C
High Pulse Width  Slow    FDRE/C          n/a            0.275         2.500       2.225                K_reg[3]/C
High Pulse Width  Fast    FDRE/C          n/a            0.275         2.500       2.225                K_reg[3]/C
High Pulse Width  Slow    FDRE/C          n/a            0.275         2.500       2.225                K_reg[4]/C
High Pulse Width  Fast    FDRE/C          n/a            0.275         2.500       2.225                K_reg[4]/C



